,Pk,Tm,Player,College,Yrs,G,MP,PTS,TRB,AST,FG%,3P%,FT%,MP,PTS,TRB,AST,WS,WS/48,BPM,VORP
0,1,CHI,Derrick Rose,University of Memphis,10,546,18104,10281,1910,3056,.453,.304,.824,33.2,18.8,3.5,5.6,37.2,.099,0.3,10.5
1,2,MIA,Michael Beasley,Kansas State University,11,609,13903,7568,2861,788,.465,.349,.759,22.8,12.4,4.7,1.3,15.6,.054,-3.2,-4.3
2,3,MIN,O.J. Mayo,University of Southern California,8,547,16919,7574,1706,1607,.429,.373,.820,30.9,13.8,3.1,2.9,21.8,.062,-0.8,5.1
3,4,SEA,Russell Westbrook,"University of California, Los Angeles",11,821,28330,18859,5760,6897,.434,.308,.801,34.5,23.0,7.0,8.4,96.9,.164,6.6,61.6
4,5,MEM,Kevin Love,"University of California, Los Angeles",11,657,21023,12006,7397,1519,.442,.370,.827,32.0,18.3,11.3,2.3,78.2,.179,2.7,24.9
5,6,NYK,Danilo Gallinari,,10,549,17052,8720,2669,1118,.425,.376,.871,31.1,15.9,4.9,2.0,50.4,.142,1.2,13.7
6,7,LAC,Eric Gordon,Indiana University,11,629,20783,10497,1569,1842,.428,.374,.814,33.0,16.7,2.5,2.9,33.6,.078,-0.9,5.8
7,8,MIL,Joe Alexander,West Virginia University,2,67,745,282,120,44,.410,.340,.698,11.1,4.2,1.8,0.7,0.5,.030,-3.3,-0.2
8,9,CHA,D.J. Augustin,University of Texas at Austin,11,807,19419,7928,1521,3204,.413,.381,.863,24.1,9.8,1.9,4.0,41.9,.104,-1.5,2.6
9,10,NJN,Brook Lopez,Stanford University,11,717,22175,12414,4695,1091,.498,.347,.791,30.9,17.3,6.5,1.5,60.1,.130,1.0,17.0
10,11,IND,Jerryd Bayless,University of Arizona,11,586,12486,4909,1235,1674,.411,.361,.818,21.3,8.4,2.1,2.9,18.6,.072,-2.0,0.0
11,12,SAC,Jason Thompson,Rider University,8,588,14819,5210,3880,635,.496,.143,.657,25.2,8.9,6.6,1.1,23.8,.077,-1.7,1.3
12,13,POR,Brandon Rush,University of Kansas,9,481,10564,3250,1413,468,.426,.402,.706,22.0,6.8,2.9,1.0,11.2,.051,-1.7,0.7
13,14,GSW,Anthony Randolph,Louisiana State University,6,252,3841,1789,1078,187,.453,.241,.740,15.2,7.1,4.3,0.7,5.8,.072,-2.1,-0.1
14,15,PHO,Robin Lopez,Stanford University,11,766,17649,6943,4045,642,.531,.216,.757,23.0,9.1,5.3,0.8,43.0,.117,0.1,9.3
15,16,PHI,Marreese Speights,University of Florida,10,705,10640,5592,2875,461,.459,.356,.797,15.1,7.9,4.1,0.7,25.8,.116,-2.8,-2.2
16,17,TOR,Roy Hibbert,Georgetown University,9,662,16389,6611,4173,885,.465,.250,.755,24.8,10.0,6.3,1.3,35.9,.105,0.2,9.1
17,18,WAS,JaVale McGee,"University of Nevada, Reno",11,633,11002,5073,3219,240,.570,.074,.588,17.4,8.0,5.1,0.4,31.9,.139,-0.1,5.2
18,19,CLE,J.J. Hickson,North Carolina State University,8,534,11925,5081,3639,449,.505,.000,.617,22.3,9.5,6.8,0.8,21.9,.088,-2.3,-0.9
19,20,CHA,Alexis Ajinça,,7,293,3905,1553,1150,143,.503,.286,.797,13.3,5.3,3.9,0.5,7.5,.093,-2.5,-0.5
20,21,NJN,Ryan Anderson,University of California,11,647,16755,7996,3406,584,.422,.380,.854,25.9,12.4,5.3,0.9,46.7,.134,0.6,11.0
21,22,ORL,Courtney Lee,Western Kentucky University,11,787,21593,7658,2095,1341,.450,.387,.853,27.4,9.7,2.7,1.7,38.7,.086,-0.2,9.8
22,23,UTA,Kosta Koufos,Ohio State University,11,686,11271,3913,3452,359,.534,.000,.582,16.4,5.7,5.0,0.5,28.3,.120,-0.9,3.3
23,24,SEA,Serge Ibaka,,10,753,21624,9298,5492,545,.514,.357,.761,28.7,12.3,7.3,0.7,63.9,.142,0.6,14.3
24,25,HOU,Nicolas Batum,,11,767,24228,9039,4037,2901,.435,.358,.841,31.6,11.8,5.3,3.8,54.1,.107,2.4,26.8
25,26,SAS,George Hill,Indiana University-Purdue University Indianapolis,11,726,20471,8164,2253,2324,.453,.378,.801,28.2,11.2,3.1,3.2,59.9,.140,1.7,19.0
26,27,NOH,Darrell Arthur,University of Kansas,9,503,8945,3282,1768,409,.444,.352,.765,17.8,6.5,3.5,0.8,12.3,.066,-1.9,0.3
27,28,MEM,Donté Greene,Syracuse University,4,253,4259,1541,600,183,.406,.304,.701,16.8,6.1,2.4,0.7,1.5,.017,-3.8,-2.0
28,29,DET,D.J. White,Indiana University,6,138,2111,810,437,80,.507,.333,.720,15.3,5.9,3.2,0.6,3.8,.087,-3.4,-0.7
29,30,BOS,J.R. Giddens,University of New Mexico,2,38,247,73,54,13,.476,.000,.565,6.5,1.9,1.4,0.3,0.1,.027,-4.6,-0.2
32,31,MIN,Nikola Peković,,6,271,6744,3405,1807,199,.518,,.760,24.9,12.6,6.7,0.7,18.8,.134,-0.8,2.0
33,32,SEA,Walter Sharpe,University of Alabama at Birmingham,1,8,20,8,3,0,.364,.000,.000,2.5,1.0,0.4,0.0,-0.1,-.131,-16.5,-0.1
34,33,POR,Joey Dorsey,University of Memphis,4,130,1488,344,513,55,.534,.000,.375,11.4,2.6,3.9,0.4,2.9,.092,-1.3,0.3
35,34,MIN,Mario Chalmers,University of Kansas,9,646,17245,5743,1585,2412,.417,.351,.793,26.7,8.9,2.5,3.7,32.3,.090,0.3,9.8
36,35,LAC,DeAndre Jordan,Texas A&M University,11,819,23092,7836,8890,713,.670,.091,.466,28.2,9.6,10.9,0.9,83.4,.173,2.2,24.4
37,36,POR,Ömer Aşık,,8,471,9216,2479,3362,280,.528,.000,.551,19.6,5.3,7.1,0.6,20.9,.109,-1.5,1.1
38,37,MIL,Luc Mbah a Moute,"University of California, Los Angeles",11,686,16013,4375,2798,588,.454,.335,.660,23.3,6.4,4.1,0.9,26.0,.078,-0.8,4.9
39,38,CHA,Kyle Weaver,Washington State University,3,73,1379,363,158,119,.441,.353,.736,18.9,5.0,2.2,1.6,1.5,.051,-1.3,0.3
40,39,CHI,Sonny Weems,University of Arkansas,4,183,3335,1189,402,257,.465,.283,.702,18.2,6.5,2.2,1.4,0.0,.001,-4.2,-1.9
41,40,NJN,Chris Douglas-Roberts,University of Memphis,6,222,4381,1571,472,254,.439,.329,.831,19.7,7.1,2.1,1.1,5.4,.059,-2.9,-1.0
42,41,IND,Nathan Jawai,,2,45,431,126,106,24,.435,.000,.684,9.6,2.8,2.4,0.5,0.2,.020,-4.0,-0.2
43,42,SAC,Sean Singletary,University of Virginia,1,37,303,90,35,29,.365,.400,.857,8.2,2.4,0.9,0.8,0.0,.006,-4.9,-0.2
44,43,SAC,Patrick Ewing,Georgetown University,1,7,19,3,2,2,.000,.000,.750,2.7,0.4,0.3,0.3,-0.1,-.158,-9.3,0.0
45,44,UTA,Ante Tomić,,,,,,,,,,,,,,,,,,
46,45,SAS,Goran Dragić,,11,758,21236,10421,2315,3648,.466,.363,.762,28.0,13.7,3.1,4.8,51.0,.115,1.1,16.7
47,46,SEA,Trent Plaisted,Brigham Young University Hawaii,,,,,,,,,,,,,,,,,
48,47,WAS,Henry Walker,Kansas State University,5,181,3016,1079,401,153,.446,.369,.760,16.7,6.0,2.2,0.8,5.0,.079,-1.3,0.5
49,48,PHO,Malik Hairston,University of Oregon,2,62,472,149,77,29,.512,.167,.514,7.6,2.4,1.2,0.5,0.8,.086,-1.9,0.0
50,49,GSW,Richard Hendrix,University of Alabama,,,,,,,,,,,,,,,,,
51,50,SEA,DeVon Hardin,University of California,,,,,,,,,,,,,,,,,
52,51,DAL,Shan Foster,Vanderbilt University,,,,,,,,,,,,,,,,,
53,52,MIA,Darnell Jackson,University of Kansas,3,138,1039,308,203,26,.449,.235,.644,7.5,2.2,1.5,0.2,1.3,.059,-4.9,-0.7
54,53,UTA,Tadija Dragićević,,,,,,,,,,,,,,,,,,
55,54,HOU,Maarty Leunen,University of Oregon,,,,,,,,,,,,,,,,,
56,55,POR,Mike Taylor,Iowa State University,1,51,771,289,87,106,.412,.325,.691,15.1,5.7,1.7,2.1,-0.4,-.028,-5.5,-0.7
57,56,SEA,Sasha Kaun,University of Kansas,1,25,95,23,26,3,.529,,.455,3.8,0.9,1.0,0.1,0.2,.096,-0.8,0.0
58,57,SAS,James Gist,University of Maryland,,,,,,,,,,,,,,,,,
59,58,LAL,Joe Crawford,University of Kentucky,1,2,23,9,4,1,.300,.250,1.000,11.5,4.5,2.0,0.5,0.0,.037,-5.6,0.0
60,59,DET,Deron Washington,Virginia Polytechnic Institute and State University,,,,,,,,,,,,,,,,,
61,60,BOS,Semih Erden,,2,69,928,262,190,29,.546,,.594,13.4,3.8,2.8,0.4,1.8,.094,-2.0,0.0
62,1,LAC,Blake Griffin,University of Oklahoma,9,604,21159,13200,5417,2690,.502,.342,.692,35.0,21.9,9.0,4.5,75.3,.171,4.0,32.3
63,2,MEM,Hasheem Thabeet,University of Connecticut,5,224,2357,483,595,27,.567,,.578,10.5,2.2,2.7,0.1,4.8,.099,-1.4,0.4
64,3,OKC,James Harden,Arizona State University,10,765,26106,18627,4000,4743,.443,.365,.857,34.1,24.3,5.2,6.2,121.9,.224,7.1,59.9
65,4,SAC,Tyreke Evans,University of Memphis,10,594,18242,9347,2720,2852,.440,.323,.757,30.7,15.7,4.6,4.8,28.4,.075,0.7,12.6
66,5,MIN,Ricky Rubio,,8,498,15370,5525,2092,3817,.388,.322,.838,30.9,11.1,4.2,7.7,32.2,.101,1.2,12.3
67,6,MIN,Jonny Flynn,Syracuse University,3,163,3738,1504,307,634,.400,.338,.809,22.9,9.2,1.9,3.9,-1.1,-.015,-4.9,-2.7
68,7,GSW,Stephen Curry,Davidson College,10,694,23859,16315,3132,4588,.477,.436,.905,34.4,23.5,4.5,6.6,102.9,.207,6.5,51.1
69,8,NYK,Jordan Hill,University of Arizona,8,409,7692,3232,2389,322,.497,.136,.699,18.8,7.9,5.8,0.8,16.4,.102,-2.0,0.0
70,9,TOR,DeMar DeRozan,University of Southern California,10,752,25674,14931,3201,2553,.451,.283,.828,34.1,19.9,4.3,3.4,60.3,.113,-0.5,10.0
71,10,MIL,Brandon Jennings,,9,555,16844,7801,1659,3151,.387,.345,.796,30.3,14.1,3.0,5.7,29.9,.085,0.4,10.4
72,11,NJN,Terrence Williams,University of Louisville,4,153,2922,1085,545,364,.412,.317,.659,19.1,7.1,3.6,2.4,-0.2,-.004,-3.8,-1.4
73,12,CHA,Gerald Henderson,Duke University,8,535,13854,5987,1716,1009,.440,.327,.793,25.9,11.2,3.2,1.9,18.3,.063,-2.2,-0.9
74,13,IND,Tyler Hansbrough,University of North Carolina,7,428,7233,2881,1808,181,.439,.136,.738,16.9,6.7,4.2,0.4,20.2,.134,-2.5,-1.0
75,14,PHO,Earl Clark,University of Louisville,6,261,3630,1138,778,134,.403,.328,.664,13.9,4.4,3.0,0.5,2.9,.038,-3.6,-1.5
76,15,DET,Austin Daye,Gonzaga University,6,293,4132,1522,764,212,.402,.351,.778,14.1,5.2,2.6,0.7,4.5,.053,-2.6,-0.6
77,16,CHI,James Johnson,Wake Forest University,10,602,12462,4785,2166,1281,.477,.305,.695,20.7,7.9,3.6,2.1,23.5,.090,1.1,9.7
78,17,PHI,Jrue Holiday,"University of California, Los Angeles",10,652,21586,10148,2499,4151,.452,.355,.784,33.1,15.6,3.8,6.4,39.1,.087,1.3,18.0
79,18,MIN,Ty Lawson,University of North Carolina,8,551,16088,6977,1506,3316,.460,.359,.770,29.2,12.7,2.7,6.0,42.1,.126,0.7,10.9
80,19,ATL,Jeff Teague,Wake Forest University,10,712,19750,9049,1759,4145,.445,.356,.842,27.7,12.7,2.5,5.8,48.3,.117,0.0,10.0
81,20,UTA,Eric Maynor,Virginia Commonwealth University,5,267,3896,1141,348,760,.392,.350,.721,14.6,4.3,1.3,2.8,3.3,.041,-4.7,-2.7
82,21,NOH,Darren Collison,"University of California, Los Angeles",10,708,20796,8857,1885,3543,.471,.394,.853,29.4,12.5,2.7,5.0,49.9,.115,0.1,11.1
83,22,POR,Victor Claver,,3,80,1072,258,178,56,.398,.293,.585,13.4,3.2,2.2,0.7,0.2,.011,-3.3,-0.4
84,23,SAC,Omri Casspi,,10,588,11959,4642,2355,662,.454,.368,.678,20.3,7.9,4.0,1.1,19.6,.078,-1.5,1.6
85,24,DAL,Byron Mullens,Ohio State University,5,189,3446,1398,790,153,.408,.319,.706,18.2,7.4,4.2,0.8,0.6,.008,-4.6,-2.3
86,25,OKC,Rodrigue Beaubois,,4,182,2896,1286,338,374,.439,.325,.810,15.9,7.1,1.9,2.1,4.8,.079,-0.1,1.4
87,26,CHI,Taj Gibson,University of Southern California,10,737,19069,7239,4731,760,.512,.212,.709,25.9,9.8,6.4,1.0,49.8,.125,0.1,10.0
88,27,MEM,DeMarre Carroll,University of Missouri,10,554,13385,5063,2399,701,.430,.360,.743,24.2,9.1,4.3,1.3,29.3,.105,0.7,9.1
89,28,MIN,Wayne Ellington,University of North Carolina,10,645,13720,5278,1416,711,.410,.379,.846,21.3,8.2,2.2,1.1,17.8,.062,-2.0,-0.1
90,29,LAL,Toney Douglas,Florida State University,8,394,7511,3009,875,889,.404,.354,.824,19.1,7.6,2.2,2.3,12.1,.077,-0.6,2.6
91,30,CLE,Christian Eyenga,,2,51,1049,320,137,40,.411,.277,.611,20.6,6.3,2.7,0.8,-0.4,-.020,-4.0,-0.5
94,31,SAC,Jeff Ayres,Arizona State University,6,237,2322,690,632,99,.553,.400,.776,9.8,2.9,2.7,0.4,6.3,.131,-1.4,0.4
95,32,WAS,Jermaine Taylor,University of Central Florida,2,65,786,351,108,48,.441,.284,.730,12.1,5.4,1.7,0.7,0.2,.014,-4.6,-0.5
96,33,POR,Dante Cunningham,Villanova University,10,715,14875,4133,2676,506,.469,.345,.649,20.8,5.8,3.7,0.7,24.9,.080,-1.0,3.7
97,34,DEN,Sergio Llull,,,,,,,,,,,,,,,,,,
98,35,DET,DaJuan Summers,Georgetown University,4,83,820,278,82,29,.384,.367,.642,9.9,3.3,1.0,0.3,-0.1,-.008,-6.4,-0.9
99,36,MEM,Sam Young,University of Pittsburgh,4,249,3966,1436,573,180,.442,.280,.742,15.9,5.8,2.3,0.7,5.2,.063,-2.9,-0.9
100,37,SAS,DeJuan Blair,University of Pittsburgh,7,424,7054,2865,2153,349,.524,.000,.608,16.6,6.8,5.1,0.8,19.0,.129,0.4,4.2
101,38,POR,Jon Brockman,University of Washington,3,150,1570,320,472,49,.488,.000,.618,10.5,2.1,3.1,0.3,3.7,.113,-2.1,0.0
102,39,DET,Jonas Jerebko,,9,635,11323,3919,2522,525,.457,.363,.770,17.8,6.2,4.0,0.8,25.8,.109,-0.8,3.3
103,40,CHA,Derrick Brown,Xavier University,3,171,2554,895,413,119,.515,.317,.637,14.9,5.2,2.4,0.7,4.5,.085,-1.6,0.2
104,41,MIL,Jodie Meeks,University of Kentucky,10,539,12110,4988,1120,583,.420,.373,.879,22.5,9.3,2.1,1.1,24.3,.096,-0.6,4.2
105,42,LAL,Patrick Beverley,University of Arkansas,7,380,10761,3438,1618,1312,.412,.380,.770,28.3,9.0,4.3,3.5,24.8,.110,1.9,10.7
106,43,MIA,Marcus Thornton,Louisiana State University,8,483,11299,5750,1348,677,.425,.358,.830,23.4,11.9,2.8,1.4,20.0,.085,-0.8,3.4
107,44,DET,Chase Budinger,University of Arizona,7,407,7998,3198,1240,473,.430,.352,.797,19.7,7.9,3.0,1.2,13.9,.083,-1.4,1.2
108,45,MIN,Nick Calathes,University of Florida,2,129,2011,590,243,353,.441,.288,.581,15.6,4.6,1.9,2.7,2.6,.063,-0.7,0.6
109,46,CLE,Danny Green,University of North Carolina,10,620,15769,5576,2169,997,.424,.404,.817,25.4,9.0,3.5,1.6,39.2,.119,3.0,19.9
110,47,MIN,Henk Norel,,,,,,,,,,,,,,,,,,
111,48,PHO,Taylor Griffin,University of Oklahoma,1,8,32,10,2,1,.400,.000,.500,4.0,1.3,0.3,0.1,0.0,-.039,-7.3,0.0
112,49,ATL,Sergiy Gladyr,,,,,,,,,,,,,,,,,,
113,50,UTA,Goran Suton,Michigan State University,,,,,,,,,,,,,,,,,
114,51,SAS,Jack McClinton,University of Miami,,,,,,,,,,,,,,,,,
115,52,IND,A.J. Price,University of Connecticut,6,261,3929,1523,377,567,.380,.316,.742,15.1,5.8,1.4,2.2,4.7,.058,-2.4,-0.4
116,53,SAS,Nando De Colo,,2,119,1414,453,211,203,.429,.363,.835,11.9,3.8,1.8,1.7,2.4,.081,-0.8,0.4
117,54,CHA,Robert Vaden,University of Alabama at Birmingham,,,,,,,,,,,,,,,,,
118,55,POR,Patty Mills,Saint Mary's College of California,10,605,11497,5094,1010,1431,.431,.391,.849,19.0,8.4,1.7,2.4,27.5,.115,0.4,7.1
119,56,DAL,Ahmad Nivins,Saint Joseph's University,,,,,,,,,,,,,,,,,
120,57,PHO,Emir Preldžić,,,,,,,,,,,,,,,,,,
121,58,BOS,Lester Hudson,University of Tennessee at Martin,4,57,594,268,77,71,.375,.277,.806,10.4,4.7,1.4,1.2,0.2,.016,-2.7,-0.1
122,59,LAL,Chinemelu Elonu,Texas A&M University,,,,,,,,,,,,,,,,,
123,60,MIA,Robert Dozier,University of Memphis,,,,,,,,,,,,,,,,,
124,1,WAS,John Wall,University of Kentucky,9,573,20545,10879,2483,5282,.433,.324,.781,35.9,19.0,4.3,9.2,44.3,.104,2.3,22.1
125,2,PHI,Evan Turner,Ohio State University,9,686,18687,6762,3240,2424,.435,.296,.781,27.2,9.9,4.7,3.5,20.5,.053,-2.0,0.1
126,3,NJN,Derrick Favors,Georgia Institute of Technology,9,632,16267,7320,4547,701,.525,.210,.664,25.7,11.6,7.2,1.1,49.5,.146,1.4,14.1
127,4,MIN,Wesley Johnson,Syracuse University,9,609,13472,4235,1924,645,.404,.337,.741,22.1,7.0,3.2,1.1,10.7,.038,-1.2,2.9
128,5,SAC,DeMarcus Cousins,University of Kentucky,9,565,18078,12006,6131,1832,.461,.332,.737,32.0,21.2,10.9,3.2,44.1,.117,2.9,22.5
129,6,GSW,Ekpe Udoh,Baylor University,7,384,5694,1353,1100,260,.453,.000,.718,14.8,3.5,2.9,0.7,10.4,.088,0.2,3.2
130,7,DET,Greg Monroe,Georgetown University,9,632,17475,8326,5229,1354,.514,.059,.704,27.7,13.2,8.3,2.1,49.7,.136,1.9,17.2
131,8,LAC,Al-Farouq Aminu,Wake Forest University,9,670,16884,5170,4083,827,.423,.337,.747,25.2,7.7,6.1,1.2,27.4,.078,0.0,8.5
132,9,UTA,Gordon Hayward,Butler University,9,589,18032,8904,2472,2006,.446,.364,.821,30.6,15.1,4.2,3.4,47.9,.128,1.9,17.5
133,10,IND,Paul George,"California State University, Fresno",9,604,20424,11983,3891,2000,.433,.378,.844,33.8,19.8,6.4,3.3,65.2,.153,3.8,29.9
134,11,NOH,Cole Aldrich,University of Kansas,8,339,3389,1050,1131,183,.527,,.738,10.0,3.1,3.3,0.5,9.6,.135,1.0,2.6
135,12,MEM,Xavier Henry,University of Kansas,5,185,2905,1050,351,120,.406,.325,.635,15.7,5.7,1.9,0.6,0.8,.013,-5.1,-2.3
136,13,TOR,Ed Davis,University of North Carolina,9,640,12953,4164,4332,499,.569,.000,.584,20.2,6.5,6.8,0.8,41.3,.153,0.9,9.5
137,14,HOU,Patrick Patterson,University of Kentucky,9,622,13565,4293,2573,666,.450,.367,.749,21.8,6.9,4.1,1.1,28.7,.102,0.3,7.7
138,15,MIL,Larry Sanders,Virginia Commonwealth University,6,238,4635,1520,1345,174,.480,.000,.553,19.5,6.4,5.7,0.7,10.3,.107,0.6,3.0
139,16,MIN,Luke Babbitt,"University of Nevada, Reno",8,381,5332,1818,846,224,.408,.402,.747,14.0,4.8,2.2,0.6,7.2,.065,-2.8,-1.0
140,17,CHI,Kevin Séraphin,,7,423,6430,2516,1462,246,.489,.000,.715,15.2,5.9,3.5,0.6,5.9,.044,-3.9,-3.1
141,18,OKC,Eric Bledsoe,University of Kentucky,9,570,15903,8034,2229,2724,.455,.336,.794,27.9,14.1,3.9,4.8,37.0,.112,2.2,16.8
142,19,BOS,Avery Bradley,University of Texas at Austin,9,522,14957,6289,1555,949,.436,.364,.778,28.7,12.0,3.0,1.8,14.6,.047,-1.8,0.6
143,20,SAS,James Anderson,Oklahoma State University,5,247,4320,1422,560,291,.411,.321,.755,17.5,5.8,2.3,1.2,3.3,.037,-2.8,-0.9
144,21,OKC,Craig Brackins,Iowa State University,2,17,121,30,19,9,.265,.214,.500,7.1,1.8,1.1,0.5,-0.2,-.089,-9.1,-0.2
145,22,POR,Elliot Williams,University of Memphis,4,109,1470,537,161,94,.421,.310,.669,13.5,4.9,1.5,0.9,0.7,.024,-5.3,-1.2
146,23,MIN,Trevor Booker,Clemson University,8,532,10872,3679,2932,566,.515,.305,.636,20.4,6.9,5.5,1.1,26.2,.116,0.2,6.0
147,24,ATL,Damion James,University of Texas at Austin,4,39,623,150,131,26,.415,.000,.667,16.0,3.8,3.4,0.7,0.0,-.001,-4.3,-0.4
148,25,MEM,Dominique Jones,University of South Florida,3,80,741,246,114,144,.366,.095,.729,9.3,3.1,1.4,1.8,0.3,.017,-3.6,-0.3
149,26,OKC,Quincy Pondexter,University of Washington,7,355,5530,1609,640,263,.423,.356,.746,15.6,4.5,1.8,0.7,9.7,.084,-1.2,1.1
150,27,NJN,Jordan Crawford,Xavier University,6,281,6843,3432,703,883,.411,.317,.826,24.4,12.2,2.5,3.1,6.3,.044,-2.1,-0.2
151,28,MEM,Greivis Vásquez,University of Maryland,7,401,9520,3591,1021,1935,.418,.349,.817,23.7,9.0,2.5,4.8,12.6,.064,-1.5,1.1
152,29,ORL,Daniel Orton,University of Kentucky,3,51,542,143,126,24,.485,.000,.597,10.6,2.8,2.5,0.5,1.0,.093,-1.7,0.0
153,30,WAS,Lazar Hayward,Marquette University,3,72,591,207,90,35,.347,.269,.767,8.2,2.9,1.3,0.5,0.2,.020,-4.6,-0.4
156,31,NJN,Tibor Pleiß,,1,12,82,24,15,2,.440,.000,1.000,6.8,2.0,1.3,0.2,-0.1,-.041,-8.1,-0.1
157,32,MIA,Dexter Pittman,University of Texas at Austin,4,50,347,116,89,9,.450,,.545,6.9,2.3,1.8,0.2,0.5,.068,-6.0,-0.4
158,33,SAC,Hassan Whiteside,Marshall University,7,343,8929,4583,3909,203,.574,.222,.593,26.0,13.4,11.4,0.6,36.8,.198,0.4,5.5
159,34,POR,Armon Johnson,"University of Nevada, Reno",2,47,401,157,49,56,.458,.400,.679,8.5,3.3,1.0,1.2,-0.1,-.015,-6.2,-0.4
160,35,WAS,Nemanja Bjelica,,4,269,5424,1906,1172,395,.460,.381,.755,20.2,7.1,4.4,1.5,10.7,.095,0.6,3.6
161,36,DET,Terrico White,University of Mississippi,,,,,,,,,,,,,,,,,
162,37,MIL,Darington Hobson,University of New Mexico,1,5,39,4,3,6,.154,.000,,7.8,0.8,0.6,1.2,-0.2,-.225,-14.1,-0.1
163,38,NYK,Andy Rautins,Syracuse University,1,5,24,8,1,3,.429,.250,.500,4.8,1.6,0.2,0.6,-0.2,-.314,-16.0,-0.1
164,39,NYK,Landry Fields,Stanford University,5,255,6010,1731,1092,419,.473,.332,.666,23.6,6.8,4.3,1.6,10.5,.084,-0.1,2.8
165,40,IND,Lance Stephenson,University of Cincinnati,9,508,11866,4354,2124,1456,.444,.315,.685,23.4,8.6,4.2,2.9,16.7,.068,-0.8,3.6
166,41,MIA,Jarvis Varnado,Mississippi State University,2,37,397,107,72,16,.582,,.518,10.7,2.9,1.9,0.4,0.7,.089,-1.9,0.0
167,42,MIA,Da'Sean Butler,West Virginia University,,,,,,,,,,,,,,,,,
168,43,LAL,Devin Ebanks,West Virginia University,3,63,711,224,122,24,.385,.222,.722,11.3,3.6,1.9,0.4,0.5,.035,-4.7,-0.5
169,44,MIL,Jerome Jordan,University of Tulsa,2,65,491,180,132,17,.528,,.852,7.6,2.8,2.0,0.3,1.7,.168,0.0,0.2
170,45,MIN,Paulo Prestes,,,,,,,,,,,,,,,,,,
171,46,PHO,Gani Lawal,Georgia Institute of Technology,1,1,2,0,0,0,,,,2.0,0.0,0.0,0.0,0.0,-.009,-4.9,0.0
172,47,MIL,Tiny Gallon,University of Oklahoma,,,,,,,,,,,,,,,,,
173,48,MIA,Latavious Williams,,,,,,,,,,,,,,,,,,
174,49,SAS,Ryan Richards,,,,,,,,,,,,,,,,,,
175,50,DAL,Solomon Alabi,Florida State University,2,26,181,39,61,5,.314,,.700,7.0,1.5,2.3,0.2,0.0,.010,-5.4,-0.2
176,51,OKC,Magnum Rolle,Louisiana Tech University,,,,,,,,,,,,,,,,,
177,52,BOS,Luke Harangody,University of Notre Dame,2,70,871,253,196,36,.376,.241,.737,12.4,3.6,2.8,0.5,0.9,.048,-3.3,-0.3
178,53,ATL,Pape Sy,,1,3,21,7,3,2,.333,.000,1.000,7.0,2.3,1.0,0.7,0.0,-.047,-6.0,0.0
179,54,LAC,Willie Warren,University of Oklahoma,1,19,134,37,12,27,.371,.333,.750,7.1,1.9,0.6,1.4,0.2,.065,-4.5,-0.1
180,55,UTA,Jeremy Evans,Western Kentucky University,7,250,2626,879,641,107,.569,.231,.687,10.5,3.5,2.6,0.4,8.2,.150,1.0,2.0
181,56,MIN,Hamady N'Diaye,Rutgers University,3,33,157,20,25,3,.467,,.462,4.8,0.6,0.8,0.1,0.0,.013,-4.9,-0.1
182,57,IND,Ryan Reid,Florida State University,1,5,17,8,2,0,.800,,,3.4,1.6,0.4,0.0,0.1,.142,-5.5,0.0
183,58,LAL,Derrick Caracter,University of Texas at El Paso,1,41,215,81,43,7,.485,,.739,5.2,2.0,1.0,0.2,0.3,.057,-4.9,-0.2
184,59,ORL,Stanley Robinson,University of Connecticut,,,,,,,,,,,,,,,,,
185,60,PHO,Dwayne Collins,University of Miami,,,,,,,,,,,,,,,,,
186,1,CLE,Kyrie Irving,Duke University,8,508,17169,11294,1852,2884,.465,.390,.875,33.8,22.2,3.6,5.7,58.4,.163,3.7,24.9
187,2,MIN,Derrick Williams,University of Arizona,7,428,8864,3809,1693,293,.434,.300,.710,20.7,8.9,4.0,0.7,14.1,.076,-3.2,-2.6
188,3,UTA,Enes Kanter,,8,583,12949,6946,4436,490,.541,.294,.780,22.2,11.9,7.6,0.8,39.6,.147,-1.3,2.1
189,4,CLE,Tristan Thompson,University of Texas at Austin,8,562,15651,5155,4816,504,.519,.000,.610,27.8,9.2,8.6,0.9,40.0,.123,-0.6,5.5
190,5,TOR,Jonas Valančiūnas,,7,489,12301,5903,4164,391,.558,.357,.786,25.2,12.1,8.5,0.8,45.3,.177,0.0,6.1
191,6,WAS,Jan Veselý,,3,162,2455,590,562,96,.521,.000,.408,15.2,3.6,3.5,0.6,4.0,.078,-0.6,0.9
192,7,SAC,Bismack Biyombo,,8,583,11835,2880,3660,288,.517,.000,.571,20.3,4.9,6.3,0.5,22.9,.093,-2.0,0.1
193,8,DET,Brandon Knight,University of Kentucky,7,421,12675,6086,1336,1700,.413,.354,.812,30.1,14.5,3.2,4.0,11.6,.044,-1.5,1.7
194,9,CHA,Kemba Walker,University of Connecticut,8,605,20607,12009,2317,3308,.418,.357,.835,34.1,19.8,3.8,5.5,48.5,.113,2.5,23.2
195,10,MIL,Jimmer Fredette,Brigham Young University,6,241,3213,1438,243,331,.409,.372,.879,13.3,6.0,1.0,1.4,2.2,.033,-4.2,-1.8
196,11,GSW,Klay Thompson,Washington State University,8,615,20340,11995,2130,1416,.459,.419,.848,33.1,19.5,3.5,2.3,46.8,.110,0.2,11.3
197,12,UTA,Alec Burks,University of Colorado,8,429,9052,4089,1304,729,.423,.355,.771,21.1,9.5,3.0,1.7,13.0,.069,-2.2,-0.5
198,13,PHO,Markieff Morris,University of Kansas,8,579,15039,6726,3185,980,.449,.338,.778,26.0,11.6,5.5,1.7,23.7,.076,-0.8,4.5
199,14,HOU,Marcus Morris,University of Kansas,8,545,14454,6293,2514,828,.431,.360,.747,26.5,11.5,4.6,1.5,26.8,.089,-0.6,4.9
200,15,IND,Kawhi Leonard,San Diego State University,8,467,14404,8250,2950,1123,.495,.383,.848,30.8,17.7,6.3,2.4,65.8,.219,6.1,29.4
201,16,PHI,Nikola Vučević,University of Southern California,8,536,16105,8411,5437,1310,.502,.332,.741,30.0,15.7,10.1,2.4,41.7,.124,1.7,15.2
202,17,NYK,Iman Shumpert,Georgia Institute of Technology,8,446,11218,3264,1499,833,.393,.340,.766,25.2,7.3,3.4,1.9,12.9,.055,-0.5,4.2
203,18,WAS,Chris Singleton,Florida State University,3,148,2605,612,472,92,.376,.319,.633,17.6,4.1,3.2,0.6,2.3,.042,-2.3,-0.2
204,19,CHA,Tobias Harris,University of Tennessee,8,546,16592,8435,3250,1029,.471,.364,.822,30.4,15.4,6.0,1.9,39.4,.114,0.1,9.0
205,20,MIN,Donatas Motiejūnas,,6,251,4566,1832,952,269,.469,.300,.597,18.2,7.3,3.8,1.1,7.1,.075,-2.0,0.0
206,21,POR,Nolan Smith,Duke University,2,84,829,277,83,97,.371,.260,.714,9.9,3.3,1.0,1.2,-0.8,-.047,-6.5,-0.9
207,22,DEN,Kenneth Faried,Morehead State University,8,478,11728,5430,3884,470,.546,.222,.654,24.5,11.4,8.1,1.0,38.8,.159,1.1,9.3
208,23,HOU,Nikola Mirotić,,5,319,7718,3910,1894,407,.423,.359,.808,24.2,12.3,5.9,1.3,20.8,.129,0.7,5.3
209,24,OKC,Reggie Jackson,Boston College,8,530,13377,6835,1567,2330,.429,.333,.859,25.2,12.9,3.0,4.4,28.2,.101,-0.1,6.6
210,25,BOS,MarShon Brooks,Providence College,5,200,3456,1592,424,282,.447,.345,.751,17.3,8.0,2.1,1.4,3.3,.046,-2.5,-0.4
211,26,DAL,Jordan Hamilton,University of Texas at Austin,5,151,2100,890,429,127,.408,.357,.670,13.9,5.9,2.8,0.8,3.0,.069,-1.5,0.3
212,27,NJN,JaJuan Johnson,Purdue University,1,36,298,114,58,6,.446,,.667,8.3,3.2,1.6,0.2,0.2,.032,-6.3,-0.3
213,28,CHI,Norris Cole,Cleveland State University,6,360,8018,2506,702,981,.407,.324,.743,22.3,7.0,2.0,2.7,3.0,.018,-4.0,-4.0
214,29,SAS,Cory Joseph,University of Texas at Austin,8,528,11356,3665,1363,1485,.444,.327,.761,21.5,6.9,2.6,2.8,21.8,.092,-0.6,3.9
215,30,CHI,Jimmy Butler,Marquette University,8,523,17229,8730,2577,1805,.454,.341,.835,32.9,16.7,4.9,3.5,66.1,.184,4.0,26.0
218,31,MIA,Bojan Bogdanović,,5,399,11089,5295,1348,558,.463,.389,.846,27.8,13.3,3.4,1.4,18.4,.080,-1.7,1.0
219,32,CLE,Justin Harper,University of Richmond,3,22,150,45,18,4,.340,.276,.333,6.8,2.0,0.8,0.2,-0.3,-.093,-8.4,-0.2
220,33,DET,Kyle Singler,Duke University,6,356,7794,2326,1026,272,.418,.362,.786,21.9,6.5,2.9,0.8,10.0,.062,-1.6,0.7
221,34,WAS,Shelvin Mack,Butler University,8,456,8392,2997,894,1421,.423,.330,.731,18.4,6.6,2.0,3.1,10.3,.059,-2.7,-1.5
222,35,SAC,Tyler Honeycutt,"University of California, Los Angeles",2,24,120,28,24,9,.314,.200,.714,5.0,1.2,1.0,0.4,-0.1,-.049,-6.4,-0.1
223,36,NJN,Jordan Williams,University of Maryland,1,43,635,197,156,11,.507,,.652,14.8,4.6,3.6,0.3,1.3,.101,-3.1,-0.2
224,37,LAC,Trey Thompkins,University of Georgia,1,24,119,57,24,3,.393,.308,.714,5.0,2.4,1.0,0.1,0.0,.004,-8.9,-0.2
225,38,HOU,Chandler Parsons,University of Florida,8,435,13192,5557,1965,1198,.462,.373,.713,30.3,12.8,4.5,2.8,29.0,.106,1.6,12.0
226,39,CHA,Jeremy Tyler,,3,104,1034,373,269,25,.450,.000,.557,9.9,3.6,2.6,0.2,0.3,.014,-6.6,-1.2
227,40,MIL,Jon Leuer,University of Wisconsin,8,377,5945,2395,1426,301,.484,.328,.767,15.8,6.4,3.8,0.8,13.2,.107,-1.4,0.9
228,41,LAL,Darius Morris,University of Michigan,4,132,1464,430,126,189,.384,.322,.630,11.1,3.3,1.0,1.4,-0.3,-.010,-5.6,-1.3
229,42,IND,Dāvis Bertāns,,3,220,3526,1365,515,220,.444,.404,.846,16.0,6.2,2.3,1.0,9.3,.127,1.3,2.9
230,43,CHI,Malcolm Lee,"University of California, Los Angeles",3,36,534,140,65,51,.382,.294,.703,14.8,3.9,1.8,1.4,0.4,.040,-2.0,0.0
231,44,GSW,Charles Jenkins,Hofstra University,2,110,1334,408,100,214,.434,.182,.754,12.1,3.7,0.9,1.9,0.5,.017,-5.9,-1.3
232,45,NOH,Josh Harrellson,University of Kentucky,3,75,888,265,227,26,.438,.347,.629,11.8,3.5,3.0,0.3,2.1,.116,-0.7,0.3
233,46,LAL,Andrew Goudelock,College of Charleston,3,49,475,197,34,24,.393,.345,.875,9.7,4.0,0.7,0.5,0.0,.003,-6.5,-0.5
234,47,LAC,Travis Leslie,University of Georgia,1,10,45,14,9,5,.357,,.444,4.5,1.4,0.9,0.5,0.1,.060,-0.2,0.0
235,48,ATL,Keith Benson,Oakland University,1,3,9,0,3,0,.000,,,3.0,0.0,1.0,0.0,0.0,-.005,-10.4,0.0
236,49,MEM,Josh Selby,University of Kansas,2,38,296,83,20,34,.330,.143,.720,7.8,2.2,0.5,0.9,-0.7,-.113,-10.1,-0.6
237,50,PHI,Lavoy Allen,Temple University,6,388,6905,1847,1843,384,.471,.133,.682,17.8,4.8,4.8,1.0,13.8,.096,-1.2,1.3
238,51,POR,Jon Diebler,Ohio State University,,,,,,,,,,,,,,,,,
239,52,DET,Vernon Macklin,University of Florida,1,23,135,46,34,5,.543,,.571,5.9,2.0,1.5,0.2,0.5,.161,-0.6,0.0
240,53,ORL,DeAndre Liggins,University of Kentucky,5,177,1907,346,252,122,.402,.352,.549,10.8,2.0,1.4,0.7,1.6,.040,-2.0,0.0
241,54,CLE,Milan Mačvan,,,,,,,,,,,,,,,,,,
242,55,BOS,E'Twaun Moore,Purdue University,8,515,11155,4144,1032,937,.458,.392,.744,21.7,8.0,2.0,1.8,13.5,.058,-1.8,0.7
243,56,LAL,Chukwudiebere Maduabum,,,,,,,,,,,,,,,,,,
244,57,DAL,Targuy Ngombo,,,,,,,,,,,,,,,,,,
245,58,LAL,Ater Majok,,,,,,,,,,,,,,,,,,
246,59,SAS,Ádám Hanga,,,,,,,,,,,,,,,,,,
247,60,SAC,Isaiah Thomas,University of Washington,8,485,14257,9020,1220,2453,.437,.360,.874,29.4,18.6,2.5,5.1,45.3,.152,1.9,13.9
248,1,NOH,Anthony Davis,University of Kentucky,7,466,16108,11059,4906,982,.517,.314,.795,34.6,23.7,10.5,2.1,72.0,.214,4.8,27.6
249,2,CHA,Michael Kidd-Gilchrist,University of Kentucky,7,421,10697,3690,2353,501,.477,.277,.714,25.4,8.8,5.6,1.2,21.2,.095,-1.1,2.4
250,3,WAS,Bradley Beal,University of Florida,7,488,16779,9684,1927,1824,.452,.384,.798,34.4,19.8,3.9,3.7,36.4,.104,1.0,12.6
251,4,CLE,Dion Waiters,Syracuse University,7,409,11628,5394,1084,1143,.412,.347,.692,28.4,13.2,2.7,2.8,8.7,.036,-2.5,-1.6
252,5,SAC,Thomas Robinson,University of Kansas,5,313,4204,1528,1507,190,.470,.000,.505,13.4,4.9,4.8,0.6,4.6,.053,-3.2,-1.3
253,6,POR,Damian Lillard,Weber State University,7,549,19907,12909,2289,3479,.434,.368,.889,36.3,23.5,4.2,6.3,70.3,.169,4.0,29.9
254,7,GSW,Harrison Barnes,University of North Carolina,7,540,16592,7322,2645,830,.446,.374,.795,30.7,13.6,4.9,1.5,29.7,.086,-1.4,2.6
255,8,TOR,Terrence Ross,University of Washington,7,492,11942,5163,1366,535,.423,.374,.819,24.3,10.5,2.8,1.1,19.2,.077,-0.8,3.5
256,9,DET,Andre Drummond,University of Connecticut,7,542,16711,7661,7424,626,.543,.147,.448,30.8,14.1,13.7,1.2,56.4,.162,1.8,15.9
257,10,NOH,Austin Rivers,Duke University,7,484,11923,4457,988,1154,.417,.347,.637,24.6,9.2,2.0,2.4,9.1,.036,-2.8,-2.3
258,11,POR,Meyers Leonard,University of Illinois at Urbana-Champaign,7,393,6095,2183,1470,338,.479,.385,.828,15.5,5.6,3.7,0.9,13.4,.106,-1.4,0.9
259,12,HOU,Jeremy Lamb,University of Connecticut,7,435,8905,4455,1588,674,.443,.339,.853,20.5,10.2,3.7,1.5,20.8,.112,-0.5,3.4
260,13,PHO,Kendall Marshall,University of North Carolina,4,160,3083,802,253,779,.399,.370,.611,19.3,5.0,1.6,4.9,1.0,.015,-5.6,-2.8
261,14,MIL,John Henson,University of North Carolina,7,405,8152,3162,2206,442,.539,.273,.572,20.1,7.8,5.4,1.1,19.3,.114,0.5,5.1
262,15,PHI,Maurice Harkless,St. John's University,7,475,10957,3491,1757,437,.476,.323,.614,23.1,7.3,3.7,0.9,19.2,.084,0.2,6.2
263,16,HOU,Royce White,Iowa State University,1,3,9,0,0,0,.000,,,3.0,0.0,0.0,0.0,0.0,-.121,-10.4,0.0
264,17,DAL,Tyler Zeller,University of North Carolina,7,412,7250,2871,1816,367,.509,.286,.764,17.6,7.0,4.4,0.9,17.1,.113,-1.6,0.8
265,18,HOU,Terrence Jones,University of Kentucky,6,234,5562,2431,1334,238,.501,.297,.621,23.8,10.4,5.7,1.0,14.7,.127,0.1,3.0
266,19,ORL,Andrew Nicholson,St. Bonaventure University,5,285,4080,1700,857,126,.467,.321,.773,14.3,6.0,3.0,0.4,3.8,.045,-5.3,-3.4
267,20,DEN,Evan Fournier,,7,457,12782,6157,1262,1151,.446,.371,.805,28.0,13.5,2.8,2.5,19.4,.073,-1.0,3.1
268,21,BOS,Jared Sullinger,Ohio State University,5,269,6532,2893,2006,477,.436,.272,.723,24.3,10.8,7.5,1.8,15.3,.113,0.5,4.1
269,22,BOS,Fab Melo,Syracuse University,1,6,36,7,3,0,.500,,.250,6.0,1.2,0.5,0.0,0.0,.021,-5.8,0.0
270,23,ATL,John Jenkins,Vanderbilt University,6,171,2183,855,250,138,.441,.367,.847,12.8,5.0,1.5,0.8,3.0,.065,-3.8,-1.0
271,24,CLE,Jared Cunningham,Oregon State University,4,84,605,197,56,39,.347,.306,.674,7.2,2.3,0.7,0.5,0.2,.017,-5.9,-0.6
272,25,MEM,Tony Wroten,University of Washington,4,145,3076,1604,363,437,.413,.231,.647,21.2,11.1,2.5,3.0,-1.3,-.021,-4.1,-1.6
273,26,IND,Miles Plumlee,Duke University,7,346,5658,1697,1562,178,.542,,.543,16.4,4.9,4.5,0.5,10.6,.090,-1.6,0.5
274,27,MIA,Arnett Moultrie,Mississippi State University,2,59,729,210,180,12,.547,,.667,12.4,3.6,3.1,0.2,1.7,.113,-3.0,-0.2
275,28,OKC,Perry Jones,Baylor University,3,143,1675,488,252,54,.420,.293,.660,11.7,3.4,1.8,0.4,1.7,.048,-4.6,-1.1
276,29,CHI,Marquis Teague,University of Kentucky,3,91,909,217,90,134,.343,.222,.661,10.0,2.4,1.0,1.5,-0.9,-.045,-8.0,-1.4
277,30,GSW,Festus Ezeli,Vanderbilt University,3,170,2394,712,725,63,.513,,.557,14.1,4.2,4.3,0.4,5.9,.119,-1.1,0.6
280,31,CHA,Jeffery Taylor,Vanderbilt University,3,132,2566,807,263,107,.409,.319,.665,19.4,6.1,2.0,0.8,1.3,.024,-3.9,-1.2
281,32,WAS,Tomáš Satoranský,,3,210,4526,1387,595,777,.489,.400,.792,21.6,6.6,2.8,3.7,10.3,.109,-0.3,1.9
282,33,CLE,Bernard James,Florida State University,3,92,761,203,212,13,.497,.000,.680,8.3,2.2,2.3,0.1,1.9,.117,-1.1,0.2
283,34,CLE,Jae Crowder,Marquette University,7,543,13153,5137,2121,770,.423,.339,.778,24.2,9.5,3.9,1.4,28.7,.105,0.6,8.8
284,35,GSW,Draymond Green,Michigan State University,7,533,14979,4825,3700,2589,.439,.323,.706,28.1,9.1,6.9,4.9,43.3,.139,3.7,21.5
285,36,SAC,Orlando Johnson,"University of California, Santa Barbara",3,103,1112,329,180,69,.358,.311,.727,10.8,3.2,1.7,0.7,1.4,.059,-3.8,-0.5
286,37,TOR,Quincy Acy,Baylor University,7,337,5392,1642,1179,217,.444,.350,.759,16.0,4.9,3.5,0.6,8.7,.078,-1.8,0.2
287,38,DEN,Quincy Miller,Baylor University,3,69,934,295,169,37,.350,.292,.706,13.5,4.3,2.4,0.5,-0.1,-.003,-4.0,-0.5
288,39,DET,Khris Middleton,Texas A&M University,7,455,14429,7129,2022,1468,.451,.388,.870,31.7,15.7,4.4,3.2,31.0,.103,0.2,8.0
289,40,POR,Will Barton,University of Memphis,7,438,10194,4618,1724,1036,.431,.341,.788,23.3,10.5,3.9,2.4,16.4,.077,-0.7,3.4
290,41,POR,Tyshawn Taylor,University of Kansas,2,61,491,174,33,57,.354,.360,.684,8.0,2.9,0.5,0.9,-0.9,-.088,-8.8,-0.8
291,42,MIL,Doron Lamb,University of Kentucky,2,100,1272,345,95,75,.381,.394,.700,12.7,3.5,1.0,0.8,0.1,.005,-5.9,-1.2
292,43,ATL,Mike Scott,University of Virginia,7,436,7123,3115,1359,403,.464,.364,.755,16.3,7.1,3.1,0.9,13.3,.089,-2.4,-0.8
293,44,DET,Kim English,University of Missouri,1,41,407,119,37,26,.375,.280,.724,9.9,2.9,0.9,0.6,0.2,.021,-4.2,-0.2
294,45,PHI,Justin Hamilton,Louisiana State University,3,113,1961,687,403,91,.464,.309,.798,17.4,6.1,3.6,0.8,3.7,.091,-0.3,0.8
295,46,NOH,Darius Miller,University of Kentucky,5,253,5161,1524,423,346,.418,.382,.830,20.4,6.0,1.7,1.4,5.9,.055,-1.7,0.4
296,47,UTA,Kevin Murphy,Tennessee Technological University,1,17,52,15,4,2,.250,.200,,3.1,0.9,0.2,0.1,-0.3,-.272,-17.6,-0.2
297,48,NYK,Kostas Papanikolaou,,2,69,1089,249,158,101,.354,.297,.688,15.8,3.6,2.3,1.5,0.3,.015,-2.8,-0.2
298,49,ORL,Kyle O'Quinn,Norfolk State University,7,443,6401,2466,2050,592,.518,.209,.748,14.4,5.6,4.6,1.3,16.8,.126,1.8,6.2
299,50,DEN,İzzet Türkyılmaz,,,,,,,,,,,,,,,,,,
300,51,BOS,Kris Joseph,Syracuse University,1,10,54,9,7,1,.143,.000,.625,5.4,0.9,0.7,0.1,-0.1,-.127,-10.5,-0.1
301,52,GSW,Ognjen Kuzmić,,2,37,164,35,38,8,.520,,.600,4.4,0.9,1.0,0.2,0.2,.061,-2.5,0.0
302,53,LAC,Furkan Aldemir,,1,41,540,93,176,28,.513,.000,.481,13.2,2.3,4.3,0.7,1.4,.122,-0.7,0.2
303,54,PHI,Tornike Shengelia,,2,45,247,59,39,17,.451,.125,.500,5.5,1.3,0.9,0.4,-0.2,-.032,-6.6,-0.3
304,55,DAL,Darius Johnson-Odom,Marquette University,2,7,21,0,6,2,.000,.000,.000,3.0,0.0,0.9,0.3,-0.3,-.597,-23.2,-0.1
305,56,TOR,Tomislav Zubčić,,,,,,,,,,,,,,,,,,
306,57,NJN,İlkan Karaman,,,,,,,,,,,,,,,,,,
307,58,MIN,Robbie Hummel,Purdue University,2,98,1397,379,266,50,.418,.343,.867,14.3,3.9,2.7,0.5,1.9,.066,-2.9,-0.3
308,59,SAS,Marcus Denmon,University of Missouri,,,,,,,,,,,,,,,,,
309,60,LAL,Robert Sacre,Gonzaga University,4,189,2745,787,593,126,.436,.000,.671,14.5,4.2,3.1,0.7,2.4,.042,-3.1,-0.8
310,1,CLE,Anthony Bennett,"University of Nevada, Las Vegas",4,151,1905,658,472,77,.392,.261,.670,12.6,4.4,3.1,0.5,0.5,.013,-5.6,-1.7
311,2,ORL,Victor Oladipo,Indiana University,6,402,13360,7028,1859,1589,.443,.352,.793,33.2,17.5,4.6,4.0,24.2,.087,1.1,10.4
312,3,WAS,Otto Porter,Georgetown University,6,399,10747,4383,1989,593,.483,.405,.793,26.9,11.0,5.0,1.5,29.1,.130,2.0,10.7
313,4,CHA,Cody Zeller,Indiana University,6,361,8272,2969,2085,495,.511,.263,.740,22.9,8.2,5.8,1.4,24.1,.140,0.8,5.9
314,5,PHO,Alex Len,University of Maryland,6,412,8200,3275,2599,345,.487,.349,.695,19.9,7.9,6.3,0.8,15.6,.091,-1.6,0.8
315,6,NOH,Nerlens Noel,University of Kentucky,5,300,6850,2445,1940,365,.523,.250,.631,22.8,8.2,6.5,1.2,16.6,.117,1.6,6.3
316,7,SAC,Ben McLemore,University of Kansas,6,368,8725,3239,909,407,.417,.353,.783,23.7,8.8,2.5,1.1,4.6,.025,-2.8,-1.7
317,8,DET,Kentavious Caldwell-Pope,University of Georgia,6,470,13981,5595,1566,767,.412,.345,.799,29.7,11.9,3.3,1.6,23.8,.082,0.1,7.2
318,9,MIN,Trey Burke,University of Michigan,6,361,8529,3924,741,1301,.408,.340,.800,23.6,10.9,2.1,3.6,10.2,.058,-2.2,-0.4
319,10,POR,CJ McCollum,Lehigh University,6,411,12323,7328,1290,1196,.455,.401,.839,30.0,17.8,3.1,2.9,27.9,.109,0.3,7.0
320,11,PHI,Michael Carter-Williams,Syracuse University,6,315,8265,3426,1427,1463,.401,.251,.702,26.2,10.9,4.5,4.6,5.2,.030,-0.7,2.7
321,12,OKC,Steven Adams,University of Pittsburgh,6,467,12527,4507,3446,469,.588,.000,.553,26.8,9.7,7.4,1.0,38.7,.148,1.7,11.8
322,13,DAL,Kelly Olynyk,Gonzaga University,6,433,9347,4287,2116,818,.478,.367,.765,21.6,9.9,4.9,1.9,24.9,.128,1.4,8.1
323,14,UTA,Shabazz Muhammad,"University of California, Los Angeles",5,278,4772,2504,770,151,.473,.319,.751,17.2,9.0,2.8,0.5,8.5,.085,-4.1,-2.5
324,15,MIL,Giannis Antetokounmpo,,6,465,15220,8745,3844,1921,.521,.277,.742,32.7,18.8,8.3,4.1,53.2,.168,4.5,24.8
325,16,BOS,Lucas Nogueira,,4,141,1754,446,388,72,.632,.265,.640,12.4,3.2,2.8,0.5,6.0,.165,4.8,3.0
326,17,ATL,Dennis Schröder,,6,431,10655,5769,1168,1998,.430,.325,.825,24.7,13.4,2.7,4.6,13.1,.059,-2.0,0.0
327,18,ATL,Shane Larkin,University of Miami,4,256,4880,1399,490,737,.422,.336,.777,19.1,5.5,1.9,2.9,4.4,.044,-2.5,-0.6
328,19,CLE,Sergey Karasev,,3,95,1110,287,140,87,.395,.282,.842,11.7,3.0,1.5,0.9,0.8,.036,-3.1,-0.3
329,20,CHI,Tony Snell,University of New Mexico,6,442,9637,2762,1045,455,.425,.382,.819,21.8,6.2,2.4,1.0,13.5,.067,-1.9,0.3
330,21,UTA,Gorgui Dieng,University of Louisville,6,452,10248,3594,2812,629,.505,.332,.790,22.7,8.0,6.2,1.4,24.4,.114,1.6,9.2
331,22,BRK,Mason Plumlee,Duke University,6,471,10420,3989,2977,1029,.570,.074,.565,22.1,8.5,6.3,2.2,31.0,.143,2.4,11.6
332,23,IND,Solomon Hill,University of Arizona,6,305,6912,1805,997,471,.395,.329,.809,22.7,5.9,3.3,1.5,9.2,.064,-0.7,2.3
333,24,NYK,Tim Hardaway,University of Michigan,6,403,10516,5267,1033,740,.418,.343,.816,26.1,13.1,2.6,1.8,15.1,.069,-1.8,0.6
334,25,LAC,Reggie Bullock,University of North Carolina,6,272,5240,1856,563,300,.434,.392,.828,19.3,6.8,2.1,1.1,9.7,.089,-0.7,1.7
335,26,MIN,Andre Roberson,University of Colorado,5,295,6651,1356,1188,257,.482,.257,.467,22.5,4.6,4.0,0.9,12.7,.092,0.6,4.4
336,27,DEN,Rudy Gobert,,6,406,11661,4524,4275,545,.629,.000,.631,28.7,11.1,10.5,1.3,52.8,.218,5.1,21.0
337,28,SAS,Livio Jean-Charles,,,,,,,,,,,,,,,,,,
338,29,OKC,Archie Goodwin,University of Kentucky,4,165,2396,1040,331,206,.429,.236,.700,14.5,6.3,2.0,1.2,1.1,.022,-4.2,-1.3
339,30,PHO,Nemanja Nedović,,1,24,142,26,15,13,.205,.167,.875,5.9,1.1,0.6,0.5,-0.4,-.132,-10.6,-0.3
342,31,CLE,Allen Crabbe,University of California,6,344,8472,3281,996,401,.429,.393,.835,24.6,9.5,2.9,1.2,13.8,.078,-1.0,2.0
343,32,OKC,Álex Abrines,,3,174,2777,924,248,88,.387,.368,.880,16.0,5.3,1.4,0.5,5.0,.086,-2.6,-0.4
344,33,CLE,Carrick Felix,Arizona State University,1,7,38,19,6,4,.500,.400,.750,5.4,2.7,0.9,0.6,0.0,.057,-4.7,0.0
345,34,HOU,Isaiah Canaan,Murray State University,6,235,4799,1913,438,454,.371,.351,.836,20.4,8.1,1.9,1.9,4.3,.043,-3.0,-1.3
346,35,PHI,Glen Rice,Georgia Institute of Technology,2,16,152,43,24,9,.269,.250,.692,9.5,2.7,1.5,0.6,-0.2,-.065,-7.3,-0.2
347,36,SAC,Ray McCallum,University of Detroit Mercy,3,154,2808,920,306,368,.408,.335,.711,18.2,6.0,2.0,2.4,2.1,.035,-2.8,-0.6
348,37,DET,Tony Mitchell,University of North Texas,1,21,79,22,26,2,.417,1.000,.579,3.8,1.0,1.2,0.1,0.2,.151,1.3,0.1
349,38,WAS,Nate Wolters,South Dakota State University,3,84,1575,461,185,209,.423,.261,.635,18.8,5.5,2.2,2.5,0.9,.028,-4.0,-0.8
350,39,POR,Jeff Withey,University of Kansas,5,206,2072,666,518,64,.525,.143,.716,10.1,3.2,2.5,0.3,6.8,.157,0.6,1.4
351,40,POR,Grant Jerrett,University of Arizona,1,8,51,16,9,3,.269,.067,1.000,6.4,2.0,1.1,0.4,-0.1,-.128,-8.4,-0.1
352,41,MEM,Jamaal Franklin,San Diego State University,2,24,174,42,25,9,.415,.462,1.000,7.3,1.8,1.0,0.4,0.0,-.006,-5.4,-0.1
353,42,PHI,Pierre Jackson,Baylor University,1,8,84,35,9,19,.333,.273,.857,10.5,4.4,1.1,2.4,0.0,.021,-4.4,-0.1
354,43,MIL,Ricky Ledo,Providence College,2,28,277,109,38,21,.336,.371,.769,9.9,3.9,1.4,0.8,-0.6,-.096,-7.8,-0.4
355,44,DAL,Mike Muscala,Bucknell University,6,307,4885,1757,1002,288,.468,.365,.841,15.9,5.7,3.3,0.9,11.9,.117,0.0,2.5
356,45,POR,Marko Todorović,,,,,,,,,,,,,,,,,,
357,46,UTA,Erick Green,Virginia Polytechnic Institute and State University,2,52,452,159,37,42,.377,.288,.857,8.7,3.1,0.7,0.8,0.1,.011,-5.1,-0.3
358,47,ATL,Raul Neto,,4,199,2817,955,261,376,.443,.377,.776,14.2,4.8,1.3,1.9,4.6,.078,-2.1,-0.1
359,48,LAL,Ryan Kelly,Duke University,4,163,3125,981,504,215,.378,.316,.797,19.2,6.0,3.1,1.3,3.0,.046,-2.2,-0.2
360,49,CHI,Erik Murphy,University of Florida,1,24,62,6,8,2,.231,.000,,2.6,0.3,0.3,0.1,-0.1,-.055,-8.1,-0.1
361,50,ATL,James Ennis,"California State University, Long Beach",5,278,5715,1801,883,245,.457,.357,.793,20.6,6.5,3.2,0.9,11.7,.098,-0.6,2.0
362,51,ORL,Romero Osby,University of Oklahoma,,,,,,,,,,,,,,,,,
363,52,MIN,Lorenzo Brown,North Carolina State University,5,103,1185,293,151,183,.364,.170,.707,11.5,2.8,1.5,1.8,-0.2,-.007,-4.1,-0.6
364,53,IND,Colton Iverson,Colorado State University,,,,,,,,,,,,,,,,,
365,54,WAS,Arsalan Kazemi,University of Oregon,,,,,,,,,,,,,,,,,
366,55,MEM,Joffrey Lauvergne,,4,208,2823,1159,789,180,.479,.285,.719,13.6,5.6,3.8,0.9,5.2,.089,-2.6,-0.4
367,56,DET,Peyton Siva,University of Louisville,1,24,224,54,14,34,.316,.280,.733,9.3,2.3,0.6,1.4,-0.2,-.032,-7.3,-0.3
368,57,PHO,Alex Oriakhi,University of Missouri,,,,,,,,,,,,,,,,,
369,58,SAS,Deshaun Thomas,Ohio State University,,,,,,,,,,,,,,,,,
370,59,MIN,Bojan Dubljević,,,,,,,,,,,,,,,,,,
371,60,MEM,Jānis Timma,,,,,,,,,,,,,,,,,,
372,1,CLE,Andrew Wiggins,University of Kansas,5,400,14384,7768,1703,867,.440,.332,.735,36.0,19.4,4.3,2.2,13.0,.044,-2.5,-1.8
373,2,MIL,Jabari Parker,Duke University,5,247,7341,3724,1419,525,.491,.337,.739,29.7,15.1,5.7,2.1,11.6,.076,-1.5,0.9
374,3,PHI,Joel Embiid,University of Kansas,3,158,4852,3833,1804,499,.481,.315,.788,30.7,24.3,11.4,3.2,16.8,.166,3.3,6.5
375,4,ORL,Aaron Gordon,University of Arizona,5,341,9500,4249,2112,736,.450,.321,.707,27.9,12.5,6.2,2.2,18.0,.091,0.2,5.3
376,5,UTA,Dante Exum,,4,204,3944,1207,357,462,.400,.304,.770,19.3,5.9,1.8,2.3,2.7,.033,-3.3,-1.3
377,6,BOS,Marcus Smart,Oklahoma State University,5,341,9688,3174,1205,1337,.372,.310,.764,28.4,9.3,3.5,3.9,16.2,.080,0.6,6.4
378,7,LAL,Julius Randle,University of Kentucky,5,311,8854,4784,2753,847,.502,.307,.722,28.5,15.4,8.9,2.7,17.8,.096,-0.4,3.6
379,8,SAC,Nik Stauskas,University of Michigan,5,335,6662,2272,688,513,.389,.353,.814,19.9,6.8,2.1,1.5,3.8,.028,-3.2,-2.1
380,9,CHH,Noah Vonleh,Indiana University,5,299,5295,1528,1617,228,.453,.316,.683,17.7,5.1,5.4,0.8,8.3,.075,-2.6,-0.8
381,10,PHI,Elfrid Payton,University of Louisiana at Lafayette,5,342,10104,3798,1491,2243,.454,.302,.630,29.5,11.1,4.4,6.6,13.3,.063,-0.3,4.2
382,11,DEN,Doug McDermott,Creighton University,5,341,6798,2659,726,269,.459,.404,.825,19.9,7.8,2.1,0.8,10.6,.075,-3.0,-1.8
383,12,ORL,Dario Šarić,,3,240,6462,3039,1490,511,.433,.358,.835,26.9,12.7,6.2,2.1,11.2,.083,-0.6,2.3
384,13,MIN,Zach LaVine,"University of California, Los Angeles",5,293,8772,4710,990,1021,.446,.373,.824,29.9,16.1,3.4,3.5,8.0,.044,-1.6,0.9
385,14,PHO,T.J. Warren,North Carolina State University,5,261,7234,3754,1078,293,.497,.340,.766,27.7,14.4,4.1,1.1,13.0,.086,-1.3,1.3
386,15,ATL,Adreian Payne,Michigan State University,4,107,1403,429,315,66,.406,.254,.680,13.1,4.0,2.9,0.6,-0.6,-.019,-5.5,-1.2
387,16,CHI,Jusuf Nurkić,,5,310,7103,3608,2480,589,.491,.071,.666,22.9,11.6,8.0,1.9,16.4,.111,1.3,5.9
388,17,BOS,James Young,University of Kentucky,4,95,812,219,96,28,.367,.277,.563,8.5,2.3,1.0,0.3,0.8,.046,-4.0,-0.4
389,18,PHO,Tyler Ennis,Syracuse University,4,186,2336,779,250,359,.419,.317,.768,12.6,4.2,1.3,1.9,1.3,.026,-4.6,-1.5
390,19,CHI,Gary Harris,Michigan State University,5,312,8883,3878,798,661,.460,.365,.802,28.5,12.4,2.6,2.1,16.0,.086,-0.1,4.3
391,20,TOR,Bruno Caboclo,,5,69,1013,335,194,59,.392,.344,.839,14.7,4.9,2.8,0.9,1.1,.054,-1.3,0.2
392,21,OKC,Mitch McGary,University of Michigan,2,52,557,227,183,17,.527,.000,.580,10.7,4.4,3.5,0.3,1.3,.108,-3.1,-0.2
393,22,MEM,Jordan Adams,"University of California, Los Angeles",2,32,263,101,30,19,.402,.385,.607,8.2,3.2,0.9,0.6,0.4,.070,-0.5,0.1
394,23,UTA,Rodney Hood,Duke University,5,320,8707,4017,908,613,.422,.367,.841,27.2,12.6,2.8,1.9,16.0,.088,-1.0,2.2
395,24,CHH,Shabazz Napier,University of Connecticut,5,289,4642,1855,499,587,.393,.354,.812,16.1,6.4,1.7,2.0,6.4,.066,-1.5,0.5
396,25,HOU,Clint Capela,,5,295,7395,3532,2706,276,.635,.000,.525,25.1,12.0,9.2,0.9,31.4,.204,1.9,7.3
397,26,MIA,P.J. Hairston,University of North Carolina,2,111,2000,664,266,59,.343,.295,.810,18.0,6.0,2.4,0.5,0.9,.021,-3.9,-1.0
398,27,PHO,Bogdan Bogdanović,,2,148,4122,1907,466,525,.431,.375,.833,27.9,12.9,3.1,3.5,5.6,.065,-0.9,1.2
399,28,LAC,C.J. Wilcox,University of Washington,3,66,376,132,31,30,.370,.333,.813,5.7,2.0,0.5,0.5,0.1,.007,-5.2,-0.3
400,29,OKC,Josh Huestis,Stanford University,3,76,1068,187,180,23,.346,.312,.240,14.1,2.5,2.4,0.3,0.7,.030,-3.8,-0.5
401,30,SAS,Kyle Anderson,"University of California, Los Angeles",5,300,5882,1601,1171,572,.492,.324,.706,19.6,5.3,3.9,1.9,15.4,.125,2.1,6.1
404,31,MIL,Damien Inglis,,1,20,156,36,31,10,.351,.231,.875,7.8,1.8,1.6,0.5,-0.1,-.024,-6.4,-0.2
405,32,PHI,K.J. McDaniels,Clemson University,3,148,2092,782,324,95,.412,.290,.776,14.1,5.3,2.2,0.6,1.3,.030,-3.3,-0.7
406,33,CLE,Joe Harris,University of Virginia,5,262,5914,2454,742,391,.475,.427,.797,22.6,9.4,2.8,1.5,10.4,.085,-0.5,2.2
407,34,NYK,Cleanthony Early,Wichita State University,2,56,801,241,123,42,.346,.263,.750,14.3,4.3,2.2,0.8,-0.6,-.039,-5.7,-0.8
408,35,UTA,Jarnell Stokes,University of Tennessee,3,28,151,67,40,7,.581,,.531,5.4,2.4,1.4,0.3,0.6,.202,1.0,0.1
409,36,MIL,Johnny O'Bryant,Louisiana State University,4,147,1684,509,352,69,.402,.360,.663,11.5,3.5,2.4,0.5,0.2,.006,-6.4,-1.9
410,37,TOR,DeAndre Daniels,University of Connecticut,,,,,,,,,,,,,,,,,
411,38,DET,Spencer Dinwiddie,University of Colorado,5,253,6168,2785,654,1146,.408,.323,.801,24.4,11.0,2.6,4.5,13.5,.105,-0.6,2.1
412,39,PHI,Jerami Grant,Syracuse University,5,383,9233,3369,1500,396,.461,.334,.654,24.1,8.8,3.9,1.0,18.2,.095,-1.1,2.0
413,40,MIN,Glenn Robinson,University of Michigan,5,219,3144,956,461,122,.439,.361,.726,14.4,4.4,2.1,0.6,4.7,.072,-2.6,-0.5
414,41,DEN,Nikola Jokić,,4,308,8718,5006,2946,1586,.523,.345,.828,28.3,16.3,9.6,5.1,38.9,.214,7.6,21.2
415,42,HOU,Nick Johnson,University of Arizona,1,28,262,74,39,11,.347,.238,.680,9.4,2.6,1.4,0.4,-0.1,-.020,-7.3,-0.3
416,43,ATL,Edy Tavares,,2,13,101,33,32,4,.625,,.273,7.8,2.5,2.5,0.3,0.2,.118,-0.6,0.0
417,44,MIN,Markel Brown,Oklahoma State University,3,113,1794,584,234,132,.380,.295,.781,15.9,5.2,2.1,1.2,1.1,.029,-2.8,-0.4
418,45,CHH,Dwight Powell,Stanford University,5,331,5895,2491,1484,305,.553,.298,.750,17.8,7.5,4.5,0.9,22.4,.182,2.1,6.1
419,46,WAS,Jordan Clarkson,University of Missouri,5,382,10527,5621,1237,1028,.445,.335,.815,27.6,14.7,3.2,2.7,10.5,.048,-1.8,0.6
420,47,PHI,Russ Smith,University of Louisville,2,27,131,53,15,19,.319,.188,.769,4.9,2.0,0.6,0.7,-0.2,-.068,-6.4,-0.1
421,48,MIL,Lamar Patterson,University of Pittsburgh,2,40,435,93,57,45,.326,.236,.720,10.9,2.3,1.4,1.1,0.1,.006,-5.5,-0.4
422,49,CHI,Cameron Bairstow,University of New Mexico,2,36,167,44,36,7,.296,.200,.846,4.6,1.2,1.0,0.2,-0.1,-.021,-7.7,-0.2
423,50,PHO,Alec Brown,University of Wisconsin-Green Bay,,,,,,,,,,,,,,,,,
424,51,NYK,Thanasis Antetokounmpo,,1,2,6,6,1,0,.750,.000,,3.0,3.0,0.5,0.0,0.0,.291,-4.1,0.0
425,52,PHI,Vasilije Micić,,,,,,,,,,,,,,,,,,
426,53,MIN,Alessandro Gentile,,,,,,,,,,,,,,,,,,
427,54,PHI,Nemanja Dangubić,,,,,,,,,,,,,,,,,,
428,55,MIA,Semaj Christon,Xavier University,1,64,973,183,87,130,.345,.190,.548,15.2,2.9,1.4,2.0,0.1,.006,-6.3,-1.1
429,56,DEN,Devyn Marble,University of Iowa,2,44,457,97,69,29,.304,.222,.375,10.4,2.2,1.6,0.7,-0.3,-.028,-5.0,-0.3
430,57,IND,Louis Labeyrie,,,,,,,,,,,,,,,,,,
431,58,SAS,Jordan McRae,University of Tennessee,3,86,912,420,101,74,.427,.352,.784,10.6,4.9,1.2,0.9,1.0,.051,-5.0,-0.7
432,59,TOR,Xavier Thames,San Diego State University,,,,,,,,,,,,,,,,,
433,60,SAS,Cory Jefferson,Baylor University,2,58,581,205,161,16,.444,.125,.583,10.0,3.5,2.8,0.3,0.9,.071,-4.6,-0.4
434,1,MIN,Karl-Anthony Towns,University of Kentucky,4,323,11120,7187,3831,839,.537,.392,.836,34.4,22.3,11.9,2.6,45.4,.196,5.0,19.6
435,2,LAL,D'Angelo Russell,Ohio State University,4,272,7752,4493,999,1381,.419,.353,.762,28.5,16.5,3.7,5.1,6.6,.041,0.4,4.6
436,3,PHI,Jahlil Okafor,Duke University,4,190,4013,2178,976,175,.530,.200,.679,21.1,11.5,5.1,0.9,5.3,.063,-3.5,-1.5
437,4,NYK,Kristaps Porziņģis,,3,186,5764,3312,1317,248,.437,.361,.804,31.0,17.8,7.1,1.3,12.1,.100,-0.1,2.8
438,5,ORL,Mario Hezonja,,4,277,5236,2028,842,365,.417,.321,.811,18.9,7.3,3.0,1.3,2.4,.022,-3.0,-1.3
439,6,SAC,Willie Cauley-Stein,University of Kentucky,4,295,7090,2971,1879,483,.534,.222,.611,24.0,10.1,6.4,1.6,17.4,.118,0.6,4.7
440,7,DEN,Emmanuel Mudiay,,4,246,6326,2901,758,1023,.393,.320,.742,25.7,11.8,3.1,4.2,-1.2,-.009,-3.8,-2.8
441,8,DET,Stanley Johnson,University of Arizona,4,285,6160,1985,964,423,.374,.293,.764,21.6,7.0,3.4,1.5,3.3,.026,-2.1,-0.2
442,9,CHO,Frank Kaminsky,University of Wisconsin,4,282,6252,2758,1122,452,.419,.349,.760,22.2,9.8,4.0,1.6,11.0,.084,-1.2,1.3
443,10,MIA,Justise Winslow,Duke University,4,230,6496,2057,1222,613,.419,.343,.644,28.2,8.9,5.3,2.7,7.8,.057,-0.8,2.0
444,11,IND,Myles Turner,University of Texas at Austin,4,280,7863,3604,1869,349,.495,.363,.771,28.1,12.9,6.7,1.2,22.1,.135,1.4,6.8
445,12,UTA,Trey Lyles,University of Kentucky,4,288,5051,2198,1127,306,.431,.331,.705,17.5,7.6,3.9,1.1,8.1,.077,-2.4,-0.6
446,13,PHO,Devin Booker,University of Kentucky,4,272,8945,5820,945,1154,.437,.354,.854,32.9,21.4,3.5,4.2,9.8,.053,-1.1,2.0
447,14,OKC,Cameron Payne,Murray State University,4,153,2454,914,274,382,.397,.331,.775,16.0,6.0,1.8,2.5,2.2,.044,-2.9,-0.6
448,15,ATL,Kelly Oubre,University of Kansas,4,292,6442,2737,1082,242,.424,.321,.778,22.1,9.4,3.7,0.8,8.3,.062,-2.3,-0.4
449,16,BOS,Terry Rozier,University of Louisville,4,272,5433,2090,973,631,.380,.354,.777,20.0,7.7,3.6,2.3,9.9,.088,-0.5,2.0
450,17,MIL,Rashad Vaughn,"University of Nevada, Las Vegas",3,139,1671,423,158,75,.337,.313,.692,12.0,3.0,1.1,0.5,-0.6,-.017,-5.6,-1.5
451,18,HOU,Sam Dekker,University of Wisconsin,4,200,3096,1094,607,160,.478,.288,.606,15.5,5.5,3.0,0.8,5.4,.083,-1.9,0.1
452,19,WAS,Jerian Grant,University of Notre Dame,4,273,4918,1665,524,796,.412,.324,.771,18.0,6.1,1.9,2.9,8.3,.081,-2.0,0.0
453,20,TOR,Delon Wright,University of Utah,4,198,3807,1461,549,536,.445,.332,.796,19.2,7.4,2.8,2.7,10.5,.132,1.8,3.6
454,21,DAL,Justin Anderson,University of Virginia,4,216,2857,1154,554,143,.419,.302,.778,13.2,5.3,2.6,0.7,4.7,.079,-1.8,0.1
455,22,CHI,Bobby Portis,University of Arkansas,4,249,5044,2547,1534,282,.458,.361,.751,20.3,10.2,6.2,1.1,9.0,.085,-2.0,0.0
456,23,POR,Rondae Hollis-Jefferson,University of Arizona,4,234,5530,2315,1375,460,.444,.223,.739,23.6,9.9,5.9,2.0,9.1,.079,-1.0,1.4
457,24,CLE,Tyus Jones,Duke University,4,247,4374,1249,380,823,.419,.333,.819,17.7,5.1,1.5,3.3,8.4,.092,-1.3,0.8
458,25,MEM,Jarell Martin,Louisiana State University,4,184,2927,998,639,114,.434,.346,.766,15.9,5.4,3.5,0.6,3.2,.053,-3.8,-1.3
459,26,SAS,Nikola Milutinov,,,,,,,,,,,,,,,,,,
460,27,LAL,Larry Nance,University of Wyoming,4,259,5924,1998,1685,436,.539,.295,.698,22.9,7.7,6.5,1.7,16.4,.133,2.2,6.3
461,28,BOS,R.J. Hunter,Georgia State University,4,45,395,133,46,19,.371,.295,.818,8.8,3.0,1.0,0.4,0.4,.051,-3.3,-0.1
462,29,BRK,Chris McCullough,Syracuse University,3,59,532,194,112,15,.426,.306,.548,9.0,3.3,1.9,0.3,0.6,.054,-2.3,0.0
463,30,GSW,Kevon Looney,"University of California, Los Angeles",4,204,2859,911,766,194,.595,.192,.593,14.0,4.5,3.8,1.0,10.3,.172,2.3,3.1
466,31,MIN,Cedi Osman,,2,137,3116,1229,477,236,.437,.351,.736,22.7,9.0,3.5,1.7,2.4,.036,-2.3,-0.2
467,32,HOU,Montrezl Harrell,University of Louisville,4,255,4894,2864,1125,317,.629,.156,.629,19.2,11.2,4.4,1.2,19.2,.188,2.5,5.6
468,33,BOS,Jordan Mickey,Louisiana State University,3,64,482,152,128,17,.449,.118,.605,7.5,2.4,2.0,0.3,0.5,.050,-4.8,-0.3
469,34,LAL,Anthony Brown,Stanford University,3,41,762,161,103,28,.328,.286,.850,18.6,3.9,2.5,0.7,-0.2,-.016,-4.8,-0.5
470,35,PHI,Willy Hernangómez,,3,178,2631,1254,996,189,.530,.364,.696,14.8,7.0,5.6,1.1,7.8,.142,0.1,1.4
471,36,MIN,Rakeem Christmas,Syracuse University,2,30,225,63,57,4,.467,,.724,7.5,2.1,1.9,0.1,0.5,.105,-4.0,-0.1
472,37,PHI,Richaun Holmes,Bowling Green State University,4,226,3825,1729,988,212,.565,.257,.706,16.9,7.7,4.4,0.9,12.4,.155,1.1,3.0
473,38,DET,Darrun Hilliard,Villanova University,3,91,859,295,85,71,.377,.304,.747,9.4,3.2,0.9,0.8,0.3,.016,-5.1,-0.7
474,39,CHO,Juan Pablo Vaulet,,,,,,,,,,,,,,,,,,
475,40,MIA,Josh Richardson,University of Tennessee,4,259,7949,3134,823,742,.425,.368,.821,30.7,12.1,3.2,2.9,15.7,.095,0.8,5.6
476,41,BRK,Pat Connaughton,University of Notre Dame,4,216,3208,996,503,251,.439,.349,.796,14.9,4.6,2.3,1.2,6.8,.101,-0.6,1.2
477,42,UTA,Olivier Hanlan,Boston College,,,,,,,,,,,,,,,,,
478,43,IND,Joe Young,University of Oregon,3,127,1077,429,130,119,.393,.296,.768,8.5,3.4,1.0,0.9,0.4,.016,-5.3,-0.9
479,44,PHO,Andrew Harrison,University of Kentucky,3,145,2987,1012,287,399,.373,.294,.779,20.6,7.0,2.0,2.8,3.2,.051,-2.7,-0.5
480,45,BOS,Marcus Thornton,College of William & Mary,,,,,,,,,,,,,,,,,
481,46,MIL,Norman Powell,"University of California, Los Angeles",4,255,4281,1810,538,309,.442,.345,.807,16.8,7.1,2.1,1.2,7.3,.082,-1.4,0.6
482,47,PHI,Artūras Gudaitis,,,,,,,,,,,,,,,,,,
483,48,OKC,Dakari Johnson,University of Kentucky,1,31,161,55,34,8,.564,,.550,5.2,1.8,1.1,0.3,0.6,.178,0.3,0.1
484,49,WAS,Aaron White,University of Iowa,,,,,,,,,,,,,,,,,
485,50,ATL,Marcus Eriksson,,,,,,,,,,,,,,,,,,
486,51,ORL,Tyler Harvey,Eastern Washington University,,,,,,,,,,,,,,,,,
487,52,DAL,Satnam Singh Bhamara,,,,,,,,,,,,,,,,,,
488,53,CLE,Sir'Dominic Pointer,St. John's University,,,,,,,,,,,,,,,,,
489,54,UTA,Dani Díez de la Faya,,,,,,,,,,,,,,,,,,
490,55,SAS,Cady Lalanne,University of Massachusetts Amherst,,,,,,,,,,,,,,,,,
491,56,NOP,Branden Dawson,Michigan State University,1,6,29,5,4,0,.400,,1.000,4.8,0.8,0.7,0.0,0.0,.069,-6.6,0.0
492,57,DEN,Nikola Radičević,,,,,,,,,,,,,,,,,,
493,58,PHI,J.P. Tokoto,University of North Carolina,,,,,,,,,,,,,,,,,
494,59,ATL,Dimitrios Agravanis,,,,,,,,,,,,,,,,,,
495,60,PHI,Luka Mitrović,,,,,,,,,,,,,,,,,,
496,1,PHI,Ben Simmons,Louisiana State University,2,160,5432,2616,1356,1271,.554,.000,.583,34.0,16.4,8.5,7.9,17.5,.154,4.3,8.7
497,2,LAL,Brandon Ingram,Duke University,3,190,6014,2639,897,550,.458,.329,.662,31.7,13.9,4.7,2.9,4.5,.036,-2.7,-1.0
498,3,BOS,Jaylen Brown,University of California,3,222,5406,2496,879,278,.462,.365,.658,24.4,11.2,4.0,1.3,9.0,.080,-1.8,0.3
499,4,PHO,Dragan Bender,,3,171,3469,907,647,209,.394,.321,.647,20.3,5.3,3.8,1.2,0.2,.002,-3.1,-1.0
500,5,MIN,Kris Dunn,Providence College,3,176,4247,1511,574,775,.417,.323,.723,24.1,8.6,3.3,4.4,1.6,.018,-1.3,0.7
501,6,NOP,Buddy Hield,University of Oklahoma,3,244,6527,3640,988,481,.446,.419,.874,26.8,14.9,4.0,2.0,10.0,.073,-0.4,2.7
502,7,DEN,Jamal Murray,University of Kentucky,3,238,6776,3530,828,807,.434,.362,.879,28.5,14.8,3.5,3.4,12.0,.085,-0.7,2.2
503,8,SAC,Marquese Chriss,University of Washington,3,197,3769,1491,885,165,.429,.296,.628,19.1,7.6,4.5,0.8,2.3,.029,-2.4,-0.4
504,9,TOR,Jakob Pöltl,University of Utah,3,213,3423,1155,968,162,.643,.500,.560,16.1,5.4,4.5,0.8,12.3,.173,2.9,4.2
505,10,MIL,Thon Maker,,3,195,2772,905,541,114,.421,.326,.677,14.2,4.6,2.8,0.6,4.8,.083,-1.7,0.2
506,11,ORL,Domantas Sabonis,Gonzaga University,3,229,5280,2383,1550,445,.513,.343,.722,23.1,10.4,6.8,1.9,13.1,.119,-0.3,2.3
507,12,UTA,Taurean Waller-Prince,Baylor University,3,196,4997,2235,745,387,.427,.380,.823,25.5,11.4,3.8,2.0,4.6,.044,-1.4,0.8
508,13,PHO,Georgios Papagiannis,,2,39,477,160,123,29,.514,.000,.857,12.2,4.1,3.2,0.7,0.4,.044,-3.0,-0.1
509,14,CHI,Denzel Valentine,Michigan State University,2,134,3071,1074,544,307,.399,.374,.754,22.9,8.0,4.1,2.3,3.1,.048,-1.2,0.6
510,15,DEN,Juan Hernangómez,,3,157,2477,795,506,96,.437,.366,.764,15.8,5.1,3.2,0.6,5.1,.100,-1.3,0.4
511,16,BOS,Guerschon Yabusele,,2,74,486,173,105,31,.442,.323,.682,6.6,2.3,1.4,0.4,1.1,.105,-1.5,0.1
512,17,MEM,Wade Baldwin,Vanderbilt University,3,56,579,174,69,78,.355,.250,.776,10.3,3.1,1.2,1.4,-0.3,-.028,-5.7,-0.5
513,18,DET,Henry Ellenson,Marquette University,3,76,734,325,188,43,.377,.353,.774,9.7,4.3,2.5,0.6,0.3,.022,-6.1,-0.8
514,19,DEN,Malik Beasley,Florida State University,3,165,2627,1196,288,139,.461,.388,.789,15.9,7.2,1.7,0.8,5.0,.092,-1.7,0.2
515,20,IND,Caris LeVert,University of Michigan,3,168,4164,1873,599,565,.437,.329,.707,24.8,11.1,3.6,3.4,5.8,.066,-0.6,1.5
516,21,ATL,DeAndre' Bembry,Saint Joseph's University,3,146,2757,924,489,279,.445,.281,.605,18.9,6.3,3.3,1.9,0.8,.014,-2.8,-0.6
517,22,CHO,Malachi Richardson,Syracuse University,3,70,625,198,70,24,.358,.301,.783,8.9,2.8,1.0,0.3,-0.1,-.009,-6.8,-0.8
518,23,BOS,Ante Žižić,,2,91,1296,578,380,58,.583,,.708,14.2,6.4,4.2,0.6,3.0,.110,-2.6,-0.2
519,24,PHI,Timothé Luwawu-Cabarrot,,3,171,2666,975,318,155,.387,.320,.820,15.6,5.7,1.9,0.9,1.8,.033,-4.5,-1.6
520,25,LAC,Brice Johnson,University of North Carolina,2,21,107,47,34,3,.449,.000,.600,5.1,2.2,1.6,0.1,0.1,.062,-2.5,0.0
521,26,PHI,Furkan Korkmaz,,2,62,759,302,118,56,.388,.323,.792,12.2,4.9,1.9,0.9,1.1,.070,-2.7,-0.1
522,27,TOR,Pascal Siakam,New Mexico State University,3,216,5086,2172,1098,424,.531,.309,.743,23.5,10.1,5.1,2.0,15.5,.146,2.2,5.4
523,28,PHO,Skal Labissière,University of Kentucky,3,115,2028,879,493,110,.480,.375,.746,17.6,7.6,4.3,1.0,3.0,.070,-2.5,-0.3
524,29,SAS,Dejounte Murray,University of Washington,2,119,2065,784,501,279,.441,.316,.708,17.4,6.6,4.2,2.3,3.2,.074,0.3,1.2
525,30,GSW,Damian Jones,Vanderbilt University,3,49,584,174,112,30,.643,,.577,11.9,3.6,2.3,0.6,1.6,.129,-0.3,0.2
528,31,BOS,Deyonta Davis,Michigan State University,3,107,1299,454,346,47,.599,.000,.635,12.1,4.2,3.2,0.4,3.6,.131,-1.4,0.2
529,32,LAL,Ivica Zubac,,3,140,2059,970,644,118,.540,.000,.761,14.7,6.9,4.6,0.8,5.3,.124,-1.3,0.4
530,33,LAC,Cheick Diallo,University of Kansas,3,133,1676,728,616,56,.585,.250,.747,12.6,5.5,4.6,0.4,5.0,.142,-2.6,-0.2
531,34,PHO,Tyler Ulis,University of Kentucky,3,133,2782,998,223,537,.403,.280,.808,20.9,7.5,1.7,4.0,0.5,.008,-4.7,-1.9
532,35,BOS,Rade Zagorac,,,,,,,,,,,,,,,,,,
533,36,MIL,Malcolm Brogdon,University of Virginia,3,187,5250,2393,657,674,.484,.408,.895,28.1,12.8,3.5,3.6,13.4,.122,0.0,2.6
534,37,HOU,Chinanu Onuaku,University of Louisville,2,6,74,18,14,4,.583,,1.000,12.3,3.0,2.3,0.7,0.1,.043,-4.1,0.0
535,38,MIL,Patrick McCaw,"University of Nevada, Las Vegas",3,157,2432,585,230,187,.420,.299,.791,15.5,3.7,1.5,1.2,2.8,.056,-2.3,-0.2
536,39,NOP,David Michineau,,,,,,,,,,,,,,,,,,
537,40,NOP,Diamond Stone,University of Maryland,1,7,24,10,6,0,.231,,1.000,3.4,1.4,0.9,0.0,-0.1,-.211,-24.1,-0.1
538,41,ORL,Stephen Zimmerman,"University of Nevada, Las Vegas",1,19,108,23,35,4,.323,,.600,5.7,1.2,1.8,0.2,0.0,-.005,-7.3,-0.1
539,42,UTA,Isaiah Whitehead,Seton Hall University,2,89,1823,643,210,212,.411,.305,.788,20.5,7.2,2.4,2.4,-0.9,-.025,-4.9,-1.4
540,43,HOU,Zhou Qi,,2,19,125,24,22,2,.212,.105,.667,6.6,1.3,1.2,0.1,-0.2,-.093,-7.1,-0.2
541,44,ATL,Isaïa Cordinier,,,,,,,,,,,,,,,,,,
542,45,BOS,Demetrius Jackson,University of Notre Dame,3,26,136,48,19,17,.486,.286,.667,5.2,1.8,0.7,0.7,0.2,.087,-2.2,0.0
543,46,DAL,A.J. Hammons,Purdue University,1,22,163,48,36,4,.405,.500,.450,7.4,2.2,1.6,0.2,0.0,-.001,-5.6,-0.1
544,47,ORL,Jake Layman,University of Maryland,3,141,1736,653,257,75,.457,.302,.714,12.3,4.6,1.8,0.5,2.7,.075,-1.7,0.1
545,48,CHI,Paul Zipser,,2,98,1667,458,256,82,.371,.335,.769,17.0,4.7,2.6,0.8,0.0,-.001,-4.8,-1.2
546,49,DET,Michael Gbinije,Syracuse University,1,9,32,4,3,2,.100,.000,1.000,3.6,0.4,0.3,0.2,-0.1,-.136,-10.5,-0.1
547,50,IND,Georges Niang,Iowa State University,3,91,641,265,113,43,.434,.364,.821,7.0,2.9,1.2,0.5,1.0,.073,-2.8,-0.1
548,51,BOS,Ben Bentil,Providence College,1,3,10,0,2,0,.000,.000,,3.3,0.0,0.7,0.0,-0.1,-.473,-26.9,-0.1
549,52,UTA,Joel Bolomboy,Weber State University,2,18,91,31,27,2,.545,.200,.500,5.1,1.7,1.5,0.1,0.3,.132,-3.7,0.0
550,53,DEN,Petr Cornelie,,,,,,,,,,,,,,,,,,
551,54,ATL,Kay Felder,Oakland University,2,58,526,223,59,78,.364,.268,.754,9.1,3.8,1.0,1.3,-0.4,-.041,-7.7,-0.8
552,55,BRK,Marcus Paige,University of North Carolina,1,5,28,12,4,3,.286,.250,1.000,5.6,2.4,0.8,0.6,0.0,-.006,-6.9,0.0
553,56,DEN,Daniel Hamilton,University of Connecticut,2,25,232,69,52,30,.394,.357,.500,9.3,2.8,2.1,1.2,0.0,.000,-5.3,-0.2
554,57,MEM,Wang Zhelin,,,,,,,,,,,,,,,,,,
555,58,BOS,Abdel Nader,Iowa State University,2,109,1216,387,187,46,.387,.333,.667,11.2,3.6,1.7,0.4,0.8,.030,-5.3,-1.0
556,59,SAC,Isaiah Cousins,University of Oklahoma,,,,,,,,,,,,,,,,,
557,60,UTA,Tyrone Wallace,University of California,2,92,1479,509,206,113,.435,.237,.674,16.1,5.5,2.2,1.2,0.5,.015,-3.8,-0.7
558,1,PHI,Markelle Fultz,University of Washington,2,33,680,255,113,112,.414,.267,.534,20.6,7.7,3.4,3.4,0.5,.038,-3.1,-0.2
559,2,LAL,Lonzo Ball,"University of California, Los Angeles",2,99,3203,993,611,631,.380,.315,.437,32.4,10.0,6.2,6.4,3.5,.053,1.2,2.6
560,3,BOS,Jayson Tatum,Duke University,2,159,4893,2355,879,296,.461,.400,.840,30.8,14.8,5.5,1.9,12.0,.118,0.1,2.6
561,4,PHO,Josh Jackson,University of Kansas,2,156,3947,1922,698,302,.415,.294,.650,25.3,12.3,4.5,1.9,-2.4,-.029,-4.6,-2.5
562,5,SAC,De'Aaron Fox,University of Kentucky,2,154,4572,2243,508,910,.439,.345,.725,29.7,14.6,3.3,5.9,5.0,.053,-1.3,0.8
563,6,ORL,Jonathan Isaac,Florida State University,2,102,2532,865,510,98,.419,.327,.806,24.8,8.5,5.0,1.0,4.2,.080,-0.3,1.1
564,7,MIN,Lauri Markkanen,University of Arizona,2,120,3702,2007,978,154,.432,.362,.859,30.9,16.7,8.2,1.3,6.1,.079,-1.9,0.1
565,8,NYK,Frank Ntilikina,,2,121,2610,709,264,371,.354,.305,.735,21.6,5.9,2.2,3.1,-1.8,-.033,-4.5,-1.7
566,9,DAL,Dennis Smith,North Carolina State University,2,122,3557,1770,415,610,.407,.316,.668,29.2,14.5,3.4,5.0,-0.7,-.009,-2.4,-0.3
567,10,SAC,Zach Collins,Gonzaga University,2,143,2401,804,545,123,.441,.321,.720,16.8,5.6,3.8,0.9,3.6,.072,-1.3,0.4
568,11,CHO,Malik Monk,University of Kentucky,2,136,2112,1074,203,208,.376,.335,.871,15.5,7.9,1.5,1.5,0.3,.007,-4.1,-1.1
569,12,DET,Luke Kennard,Duke University,2,136,2900,1171,359,238,.441,.403,.847,21.3,8.6,2.6,1.8,5.1,.085,-1.5,0.4
570,13,DEN,Donovan Mitchell,University of Louisville,2,156,5236,3445,612,613,.434,.351,.805,33.6,22.1,3.9,3.9,10.2,.094,0.8,3.7
571,14,MIA,Bam Adebayo,University of Kentucky,2,151,3281,1206,978,285,.550,.136,.728,21.7,8.0,6.5,1.9,11.0,.161,1.8,3.2
572,15,POR,Justin Jackson,University of North Carolina,2,149,3120,1036,399,170,.445,.335,.765,20.9,7.0,2.7,1.1,3.9,.059,-2.5,-0.4
573,16,CHI,Justin Patton,Creighton University,2,4,25,7,6,3,.333,.000,.500,6.3,1.8,1.5,0.8,0.0,.090,0.4,0.0
574,17,MIL,D.J. Wilson,University of Michigan,2,70,953,301,232,55,.423,.364,.551,13.6,4.3,3.3,0.8,1.8,.090,-1.7,0.1
575,18,IND,T.J. Leaf,"University of California, Los Angeles",2,111,981,381,207,33,.511,.356,.617,8.8,3.4,1.9,0.3,2.4,.117,-2.8,-0.2
576,19,ATL,John Collins,Wake Forest University,2,135,3614,1965,1136,219,.566,.346,.743,26.8,14.6,8.4,1.6,11.4,.152,1.5,3.2
577,20,POR,Harry Giles,Duke University,1,58,820,408,222,85,.503,.000,.637,14.1,7.0,3.8,1.5,1.0,.056,-2.1,0.0
578,21,OKC,Terrance Ferguson,,2,135,2694,702,188,91,.425,.356,.754,20.0,5.2,1.4,0.7,4.0,.072,-2.1,-0.1
579,22,BRK,Jarrett Allen,University of Texas at Austin,2,152,3537,1460,1060,159,.590,.183,.732,23.3,9.6,7.0,1.0,11.9,.161,1.6,3.2
580,23,TOR,OG Anunoby,Indiana University,2,141,2833,907,381,102,.461,.351,.605,20.1,6.4,2.7,0.7,5.0,.085,-0.3,1.2
581,24,UTA,Tyler Lydon,Syracuse University,2,26,96,23,18,6,.500,.400,.333,3.7,0.9,0.7,0.2,0.2,.084,-2.6,0.0
582,25,ORL,Anžejs Pasečņiks,,,,,,,,,,,,,,,,,,
583,26,POR,Caleb Swanigan,Purdue University,2,48,367,104,118,25,.372,.133,.667,7.6,2.2,2.5,0.5,-0.2,-.031,-6.6,-0.4
584,27,BRK,Kyle Kuzma,University of Utah,2,147,4715,2550,865,319,.453,.335,.731,32.1,17.3,5.9,2.2,7.0,.071,-1.5,0.6
585,28,LAL,Tony Bradley,University of North Carolina,2,12,65,25,26,2,.407,.000,.750,5.4,2.1,2.2,0.2,0.1,.087,-4.7,0.0
586,29,SAS,Derrick White,University of Colorado,2,84,1867,717,273,272,.479,.361,.762,22.2,8.5,3.3,3.2,4.1,.106,0.9,1.4
587,30,UTA,Josh Hart,Villanova University,2,130,3176,1021,511,173,.435,.361,.695,24.4,7.9,3.9,1.3,5.5,.083,-0.4,1.3
590,31,CHO,Frank Jackson,Duke University,1,61,1169,495,134,69,.434,.314,.740,19.2,8.1,2.2,1.1,0.4,.018,-5.0,-0.9
591,32,PHO,Davon Reed,University of Miami,2,31,289,75,45,16,.307,.310,.667,9.3,2.4,1.5,0.5,-0.2,-.039,-6.3,-0.3
592,33,ORL,Wesley Iwundu,Kansas State University,2,130,2253,568,321,130,.419,.304,.787,17.3,4.4,2.5,1.0,2.5,.054,-3.0,-0.6
593,34,SAC,Frank Mason,University of Kansas,2,90,1419,608,173,231,.392,.300,.773,15.8,6.8,1.9,2.6,0.9,.029,-3.7,-0.6
594,35,ORL,Ivan Rabb,University of California,2,85,1237,485,364,86,.555,.200,.743,14.6,5.7,4.3,1.0,3.2,.125,-1.0,0.3
595,36,PHI,Jonah Bolden,,1,44,639,207,165,40,.494,.354,.481,14.5,4.7,3.8,0.9,1.4,.106,1.2,0.5
596,37,BOS,Semi Ojeleye,Southern Methodist University,2,129,1744,381,247,43,.382,.318,.613,13.5,3.0,1.9,0.3,1.9,.051,-3.7,-0.8
597,38,CHI,Jordan Bell,University of Oregon,2,125,1597,485,391,178,.570,.000,.647,12.8,3.9,3.1,1.4,4.5,.136,1.7,1.5
598,39,PHI,Jawun Evans,Oklahoma State University,2,56,843,237,96,110,.345,.263,.776,15.1,4.2,1.7,2.0,-0.4,-.022,-5.2,-0.7
599,40,NOP,Dwayne Bacon,Florida State University,2,96,1472,491,213,85,.432,.377,.761,15.3,5.1,2.2,0.9,1.1,.034,-4.6,-1.0
600,41,ATL,Tyler Dorsey,University of Oregon,2,104,1672,701,243,135,.389,.350,.669,16.1,6.7,2.3,1.3,1.0,.030,-4.1,-0.9
601,42,UTA,Thomas Bryant,Indiana University,2,87,1568,780,471,98,.606,.312,.767,18.0,9.0,5.4,1.1,5.6,.172,1.3,1.3
602,43,HOU,Isaiah Hartenstein,,1,28,221,53,47,15,.488,.333,.786,7.9,1.9,1.7,0.5,0.5,.101,-0.6,0.1
603,44,NYK,Damyean Dotson,University of Oregon,2,117,2478,961,346,166,.421,.361,.736,21.2,8.2,3.0,1.4,2.1,.041,-2.5,-0.3
604,45,HOU,Dillon Brooks,University of Oregon,2,100,2680,1033,288,151,.435,.359,.745,26.8,10.3,2.9,1.5,1.2,.021,-3.5,-1.0
605,46,PHI,Sterling Brown,Southern Methodist University,2,112,1810,589,327,109,.439,.357,.758,16.2,5.3,2.9,1.0,2.8,.074,-2.6,-0.3
606,47,IND,Ike Anigbogu,"University of California, Los Angeles",2,14,36,13,12,1,.333,,.833,2.6,0.9,0.9,0.1,0.0,.057,-6.8,0.0
607,48,MIL,Sindarius Thornwell,University of South Carolina,2,137,1469,344,184,86,.415,.342,.689,10.7,2.5,1.3,0.6,1.0,.034,-2.1,0.0
608,49,DEN,Vlatko Čančar,,,,,,,,,,,,,,,,,,
609,50,PHI,Mathias Lessort,,,,,,,,,,,,,,,,,,
610,51,DEN,Monte Morris,Iowa State University,2,85,1995,861,196,304,.494,.412,.807,23.5,10.1,2.3,3.6,6.4,.153,0.2,1.1
611,52,NOP,Edmond Sumner,Xavier University,2,24,212,68,25,10,.354,.259,.625,8.8,2.8,1.0,0.4,0.1,.024,-3.6,-0.1
612,53,BOS,Kadeem Allen,University of Arizona,2,37,523,208,62,88,.436,.362,.778,14.1,5.6,1.7,2.4,0.9,.080,-2.2,0.0
613,54,PHO,Alec Peters,Valparaiso University,1,20,225,82,37,12,.378,.310,.800,11.3,4.1,1.9,0.6,0.3,.055,-3.3,-0.1
614,55,UTA,Nigel Williams-Goss,Gonzaga University,,,,,,,,,,,,,,,,,
615,56,BOS,Jabari Bird,University of California,1,13,115,39,19,8,.577,.429,.462,8.8,3.0,1.5,0.6,0.2,.098,-2.1,0.0
616,57,BRK,Aleksandar Vezenkov,,,,,,,,,,,,,,,,,,
617,58,NYK,Ognjen Jaramaz,,,,,,,,,,,,,,,,,,
618,59,SAS,Jaron Blossomgame,Clemson University,1,27,439,114,98,13,.443,.256,.769,16.3,4.2,3.6,0.5,0.3,.030,-4.5,-0.3
619,60,ATL,Alpha Kaba,,,,,,,,,,,,,,,,,,
620,1,PHO,Deandre Ayton,University of Arizona,1,71,2183,1159,729,125,.585,.000,.746,30.7,16.3,10.3,1.8,5.8,.128,0.2,1.2
621,2,SAC,Marvin Bagley,Duke University,1,62,1567,923,471,62,.504,.313,.691,25.3,14.9,7.6,1.0,3.6,.110,-1.8,0.1
622,3,ATL,Luka Dončić,,1,72,2318,1526,563,429,.427,.327,.713,32.2,21.2,7.8,6.0,4.9,.101,4.1,3.6
623,4,MEM,Jaren Jackson,Michigan State University,1,58,1515,798,272,64,.506,.359,.766,26.1,13.8,4.7,1.1,3.3,.105,0.1,0.8
624,5,DAL,Trae Young,University of Oklahoma,1,81,2503,1549,301,653,.418,.324,.829,30.9,19.1,3.7,8.1,3.3,.062,-1.1,0.6
625,6,ORL,Mohamed Bamba,University of Texas at Austin,1,47,766,292,233,39,.481,.300,.587,16.3,6.2,5.0,0.8,1.7,.106,-0.2,0.4
626,7,CHI,Wendell Carter,Duke University,1,44,1110,455,307,78,.485,.188,.795,25.2,10.3,7.0,1.8,1.9,.080,-0.5,0.4
627,8,CLE,Collin Sexton,University of Alabama,1,82,2605,1371,236,243,.430,.402,.839,31.8,16.7,2.9,3.0,-0.6,-.011,-5.2,-2.1
628,9,NYK,Kevin Knox,University of Kentucky,1,75,2158,963,335,82,.370,.343,.717,28.8,12.8,4.5,1.1,-1.3,-.030,-6.0,-2.2
629,10,PHI,Mikal Bridges,Villanova University,1,82,2417,684,264,173,.430,.335,.805,29.5,8.3,3.2,2.1,2.9,.058,-0.2,1.1
630,11,CHO,Shai Gilgeous-Alexander,University of Kentucky,1,82,2174,889,232,270,.476,.367,.800,26.5,10.8,2.8,3.3,3.3,.074,-0.3,0.9
631,12,LAC,Miles Bridges,Michigan State University,1,80,1696,597,323,95,.464,.325,.753,21.2,7.5,4.0,1.2,2.9,.083,-0.6,0.6
632,13,LAC,Jerome Robinson,Boston College,1,33,320,112,41,19,.400,.316,.667,9.7,3.4,1.2,0.6,0.1,.012,-4.3,-0.2
633,14,DEN,Michael Porter,University of Missouri,,,,,,,,,,,,,,,,,
634,15,WAS,Troy Brown,University of Oregon,1,52,730,248,145,80,.415,.319,.681,14.0,4.8,2.8,1.5,0.6,.039,-3.7,-0.3
635,16,PHO,Zhaire Smith,Texas Tech University,1,6,111,40,13,10,.412,.375,.750,18.5,6.7,2.2,1.7,0.1,.048,-4.0,-0.1
636,17,MIL,Donte DiVincenzo,Villanova University,1,27,411,131,65,31,.403,.265,.750,15.2,4.9,2.4,1.1,0.6,.069,-1.8,0.0
637,18,SAS,Lonnie Walker,University of Miami,1,17,118,45,17,9,.348,.385,.800,6.9,2.6,1.0,0.5,0.0,.019,-4.4,-0.1
638,19,ATL,Kevin Huerter,University of Maryland,1,75,2048,727,245,214,.419,.385,.732,27.3,9.7,3.3,2.9,1.5,.034,-1.9,0.1
639,20,MIN,Josh Okogie,Georgia Institute of Technology,1,74,1757,570,218,91,.386,.279,.728,23.7,7.7,2.9,1.2,1.2,.034,-1.7,0.1
640,21,UTA,Grayson Allen,Duke University,1,38,416,211,23,25,.376,.323,.750,10.9,5.6,0.6,0.7,0.0,.002,-6.8,-0.5
641,22,CHI,Chandler Hutchison,Boise State University,1,44,895,229,185,34,.459,.280,.605,20.3,5.2,4.2,0.8,0.6,.030,-4.3,-0.5
642,23,IND,Aaron Holiday,"University of California, Los Angeles",1,50,646,294,67,87,.401,.339,.820,12.9,5.9,1.3,1.7,0.9,.065,-2.6,-0.1
643,24,POR,Anfernee Simons,,1,20,141,75,13,13,.444,.345,.563,7.1,3.8,0.7,0.7,0.1,.020,-6.3,-0.2
644,25,LAL,Moritz Wagner,University of Michigan,1,43,446,207,85,24,.415,.286,.811,10.4,4.8,2.0,0.6,0.2,.020,-5.1,-0.3
645,26,PHI,Landry Shamet,Wichita State University,1,79,1802,722,134,117,.431,.422,.806,22.8,9.1,1.7,1.5,3.6,.095,-1.0,0.5
646,27,BOS,Robert Williams,Texas A&M University,1,32,283,81,81,7,.706,,.600,8.8,2.5,2.5,0.2,1.2,.201,4.4,0.5
647,28,GSW,Jacob Evans,University of Cincinnati,1,30,204,40,25,23,.340,.267,.000,6.8,1.3,0.8,0.8,-0.1,-.030,-6.9,-0.3
648,29,BRK,Džanan Musa,,1,9,39,19,5,2,.409,.100,.000,4.3,2.1,0.6,0.2,-0.1,-.152,-10.4,-0.1
649,30,ATL,Omari Spellman,Villanova University,1,46,805,272,194,47,.402,.344,.711,17.5,5.9,4.2,1.0,1.2,.070,-1.0,0.2
652,31,PHO,Élie Okobo,,1,53,958,304,98,127,.393,.295,.787,18.1,5.7,1.8,2.4,-0.5,-.027,-5.9,-0.9
653,32,MEM,Jevon Carter,West Virginia University,1,39,577,172,66,69,.303,.333,.813,14.8,4.4,1.7,1.8,0.0,-.003,-4.0,-0.3
654,33,DAL,Jalen Brunson,Villanova University,1,73,1591,678,169,230,.467,.348,.725,21.8,9.3,2.3,3.2,2.6,.077,-2.5,-0.2
655,34,ATL,Devonte' Graham,University of Kansas,1,46,676,217,63,121,.343,.281,.761,14.7,4.7,1.4,2.6,0.5,.035,-4.3,-0.4
656,35,ORL,Melvin Frazier,Tulane University,1,10,44,15,5,1,.333,.000,.250,4.4,1.5,0.5,0.1,-0.1,-.133,-12.9,-0.1
657,36,NYK,Mitchell Robinson,,1,66,1360,485,423,37,.694,,.600,20.6,7.3,6.4,0.6,6.1,.217,5.7,2.7
658,37,SAC,Gary Trent,Duke University,1,15,111,40,11,5,.320,.238,.429,7.4,2.7,0.7,0.3,-0.2,-.092,-10.3,-0.2
659,38,PHI,Khyri Thomas,Creighton University,1,26,195,61,20,8,.319,.286,.636,7.5,2.3,0.8,0.3,0.0,.005,-5.2,-0.2
660,39,PHI,Isaac Bonga,,1,22,120,19,25,15,.152,.000,.600,5.5,0.9,1.1,0.7,-0.1,-.059,-4.3,-0.1
661,40,BRK,Rodions Kurucs,,1,63,1294,534,246,52,.450,.315,.783,20.5,8.5,3.9,0.8,1.6,.059,-2.4,-0.1
662,41,ORL,Jarred Vanderbilt,University of Kentucky,1,17,69,24,23,3,.474,.000,.600,4.1,1.4,1.4,0.2,0.1,.037,-4.0,0.0
663,42,DET,Bruce Brown,University of Miami,1,74,1449,319,185,91,.398,.258,.750,19.6,4.3,2.5,1.2,1.5,.048,-2.0,0.0
664,43,DEN,Justin Jackson,University of Maryland,,,,,,,,,,,,,,,,,
665,44,WAS,Issuf Sanon,,,,,,,,,,,,,,,,,,
666,45,BRK,Hamidou Diallo,University of Kentucky,1,51,526,190,97,17,.455,.167,.610,10.3,3.7,1.9,0.3,0.8,.069,-4.7,-0.4
667,46,HOU,De'Anthony Melton,University of Southern California,1,50,984,250,134,159,.391,.305,.750,19.7,5.0,2.7,3.2,0.0,.002,-2.6,-0.1
668,47,LAL,Sviatoslav Mykhailiuk,University of Kansas,1,42,440,133,36,37,.329,.326,.600,10.5,3.2,0.9,0.9,-0.1,-.012,-5.7,-0.4
669,48,MIN,Keita Bates-Diop,Ohio State University,1,30,503,151,83,17,.423,.250,.643,16.8,5.0,2.8,0.6,0.3,.032,-3.1,-0.1
670,49,SAS,Chimezie Metu,University of Southern California,1,29,145,51,36,13,.328,.000,.765,5.0,1.8,1.2,0.4,-0.3,-.099,-9.2,-0.3
671,50,IND,Alize Johnson,Missouri State,1,14,64,13,19,1,.250,.500,.500,4.6,0.9,1.4,0.1,0.0,.027,-8.1,-0.1
672,51,NOP,Tony Carr,Pennsylvania State University,,,,,,,,,,,,,,,,,
673,52,UTA,Vince Edwards,Purdue University,1,2,16,3,2,0,.250,.250,,8.0,1.5,1.0,0.0,0.0,-.014,-9.8,0.0
674,53,OKC,Devon Hall,University of Virginia,,,,,,,,,,,,,,,,,
675,54,DAL,Shake Milton,Southern Methodist University,1,20,268,87,35,18,.391,.318,.714,13.4,4.4,1.8,0.9,0.3,.059,-2.7,0.0
676,55,CHO,Arnoldas Kulboka,,,,,,,,,,,,,,,,,,
677,56,PHI,Ray Spalding,University of Louisville,1,14,148,54,48,5,.532,.000,.333,10.6,3.9,3.4,0.4,0.2,.051,-3.4,-0.1
678,57,OKC,Kevin Hervey,University of Texas at Arlington,,,,,,,,,,,,,,,,,
679,58,DEN,Thomas Welsh,"University of California, Los Angeles",1,11,36,18,4,5,.538,.429,.500,3.3,1.6,0.4,0.5,0.1,.162,-2.6,0.0
680,59,PHO,George King,University of Colorado,1,1,6,0,1,0,,,,6.0,0.0,1.0,0.0,0.0,-.001,-10.6,0.0
681,60,PHI,Kostas Antetokounmpo,University of Dayton,1,2,11,2,1,0,.000,,.500,5.5,1.0,0.5,0.0,-0.1,-.247,-13.3,0.0
682,1,NOP,Zion Williamson,Duke University,,,,,,,,,,,,,,,,,
683,2,MEM,Ja Morant,Murray State University,,,,,,,,,,,,,,,,,
684,3,NYK,RJ Barrett,Duke University,,,,,,,,,,,,,,,,,
685,4,LAL,De'Andre Hunter,University of Virginia,,,,,,,,,,,,,,,,,
686,5,CLE,Darius Garland,Vanderbilt University,,,,,,,,,,,,,,,,,
687,6,PHO,Jarrett Culver,Texas Tech University,,,,,,,,,,,,,,,,,
688,7,CHI,Coby White,University of North Carolina,,,,,,,,,,,,,,,,,
689,8,ATL,Jaxson Hayes,University of Texas at Austin,,,,,,,,,,,,,,,,,
690,9,WAS,Rui Hachimura,Gonzaga University,,,,,,,,,,,,,,,,,
691,10,ATL,Cam Reddish,Duke University,,,,,,,,,,,,,,,,,
692,11,MIN,Cameron Johnson,University of North Carolina,,,,,,,,,,,,,,,,,
693,12,CHO,PJ Washington,University of Kentucky,,,,,,,,,,,,,,,,,
694,13,MIA,Tyler Herro,University of Kentucky,,,,,,,,,,,,,,,,,
695,14,BOS,Romeo Langford,Indiana University,,,,,,,,,,,,,,,,,
696,15,DET,Sekou Doumbouya,,,,,,,,,,,,,,,,,,
697,16,ORL,Chuma Okeke,Auburn University,,,,,,,,,,,,,,,,,
698,17,BRK,Nickeil Alexander-Walker,Virginia Polytechnic Institute and State University,,,,,,,,,,,,,,,,,
699,18,IND,Goga Bitadze,,,,,,,,,,,,,,,,,,
700,19,SAS,Luka Samanic,,,,,,,,,,,,,,,,,,
701,20,BOS,Matisse Thybulle,University of Washington,,,,,,,,,,,,,,,,,
702,21,OKC,Brandon Clarke,Gonzaga University,,,,,,,,,,,,,,,,,
703,22,BOS,Grant Williams,University of Tennessee,,,,,,,,,,,,,,,,,
704,23,UTA,Darius Bazley,,,,,,,,,,,,,,,,,,
705,24,PHI,Ty Jerome,University of Virginia,,,,,,,,,,,,,,,,,
706,25,POR,Nassir Little,University of North Carolina,,,,,,,,,,,,,,,,,
707,26,CLE,Dylan Windler,Belmont University,,,,,,,,,,,,,,,,,
708,27,BRK,Mfiondu Kabengele,Florida State University,,,,,,,,,,,,,,,,,
709,28,GSW,Jordan Poole,University of Michigan,,,,,,,,,,,,,,,,,
710,29,SAS,Keldon Johnson,University of Kentucky,,,,,,,,,,,,,,,,,
711,30,MIL,Kevin Porter Jr.,University of Southern California,,,,,,,,,,,,,,,,,
714,31,BRK,Nicolas Claxton,University of Georgia,,,,,,,,,,,,,,,,,
715,32,PHO,KZ Okpala,Stanford University,,,,,,,,,,,,,,,,,
716,33,PHI,Carsen Edwards,Purdue University,,,,,,,,,,,,,,,,,
717,34,PHI,Bruno Fernando,University of Maryland,,,,,,,,,,,,,,,,,
718,35,ATL,Marcos Louzada Silva,,,,,,,,,,,,,,,,,,
719,36,CHO,Cody Martin,"University of Nevada, Reno",,,,,,,,,,,,,,,,,
720,37,DAL,Deividas Sirvydis,,,,,,,,,,,,,,,,,,
721,38,CHI,Daniel Gafford,University of Arkansas,,,,,,,,,,,,,,,,,
722,39,NOP,Alen Smailagic,,,,,,,,,,,,,,,,,,
723,40,SAC,Justin James,University of Wyoming,,,,,,,,,,,,,,,,,
724,41,GSW,Eric Paschall,Villanova University,,,,,,,,,,,,,,,,,
725,42,PHI,Admiral Schofield,University of Tennessee,,,,,,,,,,,,,,,,,
726,43,MIN,Jaylen Nowell,University of Washington,,,,,,,,,,,,,,,,,
727,44,MIA,Bol Bol,University of Oregon,,,,,,,,,,,,,,,,,
728,45,DET,Isaiah Roby,University of Nebraska,,,,,,,,,,,,,,,,,
729,46,ORL,Talen Horton-Tucker,Iowa State University,,,,,,,,,,,,,,,,,
730,47,SAC,Ignas Brazdeikis,University of Michigan,,,,,,,,,,,,,,,,,
731,48,LAC,Terance Mann,Florida State University,,,,,,,,,,,,,,,,,
732,49,SAS,Quinndary Weatherspoon,Mississippi State University,,,,,,,,,,,,,,,,,
733,50,IND,Jarrell Brantley,College of Charleston,,,,,,,,,,,,,,,,,
734,51,BOS,Tremont Waters,Louisiana State University,,,,,,,,,,,,,,,,,
735,52,CHO,Jalen McDaniels,San Diego State University,,,,,,,,,,,,,,,,,
736,53,UTA,Justin Wright-Foreman,Hofstra University,,,,,,,,,,,,,,,,,
737,54,PHI,Marial Shayok,Iowa State University,,,,,,,,,,,,,,,,,
738,55,NYK,Kyle Guy,University of Virginia,,,,,,,,,,,,,,,,,
739,56,LAC,Jaylen Hands,"University of California, Los Angeles",,,,,,,,,,,,,,,,,
740,57,NOP,Jordan Bone,University of Tennessee,,,,,,,,,,,,,,,,,
741,58,GSW,Miye Oni,Yale University,,,,,,,,,,,,,,,,,
742,59,TOR,Dewan Hernandez,University of Miami,,,,,,,,,,,,,,,,,
743,60,SAC,Vanja Marinkovic,,,,,,,,,,,,,,,,,,
